edit_history_tweet_ids,text,public_metrics,created_at,id,entities,geo
['1126922595633221632'],"RT @SmStains007: Modi will never again represent the myriad dreams and aspirations of 2014. Then he was a messiah, ushering in a future too‚Ä¶","{'retweet_count': 68, 'reply_count': 0, 'like_count': 0, 'quote_count': 0, 'impression_count': 0}",2019-05-10T18:50:58.000Z,1126922595633221632,"{'annotations': [{'start': 17, 'end': 20, 'probability': 0.8333, 'type': 'Person', 'normalized_text': 'Modi'}]}",
['1123685914138546176'],RT @marleygonarley: My bitch a backwood ur bitch a swisher sweet niggggga https://t.co/plnnqCLpWt,"{'retweet_count': 23, 'reply_count': 0, 'like_count': 0, 'quote_count': 0, 'impression_count': 0}",2019-05-01T20:29:33.000Z,1123685914138546176,"{'mentions': [{'start': 3, 'end': 18, 'username': 'marleygonarley', 'id': '1099707541456441344'}], 'urls': [{'start': 74, 'end': 97, 'url': 'https://t.co/plnnqCLpWt', 'expanded_url': 'https://twitter.com/marleygonarley/status/1123646155638956032/video/1', 'display_url': 'pic.twitter.com/plnnqCLpWt', 'media_key': '7_1123646106083028992'}]}",
['1123562752604348417'],RT @Lubchansky: good to know rich people have always been dumb as shit https://t.co/otdmH0wquk,"{'retweet_count': 2063, 'reply_count': 0, 'like_count': 0, 'quote_count': 0, 'impression_count': 0}",2019-05-01T12:20:09.000Z,1123562752604348417,"{'mentions': [{'start': 3, 'end': 14, 'username': 'Lubchansky', 'id': '119561017'}], 'urls': [{'start': 71, 'end': 94, 'url': 'https://t.co/otdmH0wquk', 'expanded_url': 'https://twitter.com/Lubchansky/status/1123321068016545792/photo/1', 'display_url': 'pic.twitter.com/otdmH0wquk', 'media_key': '3_1123321059439259648'}]}",
['1126814470637019136'],"@realDonaldTrump No, most Americans think you are a disgrace. Case closed.","{'retweet_count': 0, 'reply_count': 0, 'like_count': 0, 'quote_count': 0, 'impression_count': 0}",2019-05-10T11:41:19.000Z,1126814470637019136,"{'mentions': [{'start': 0, 'end': 16, 'username': 'realDonaldTrump', 'id': '25073877'}]}",
['1130161391032098816'],RT @BrennenTaylor: Beauty gurus are so problematic... can‚Äôt yall just not shit talk eachother and just post videos? This is not some compet‚Ä¶,"{'retweet_count': 542, 'reply_count': 0, 'like_count': 0, 'quote_count': 0, 'impression_count': 0}",2019-05-19T17:20:47.000Z,1130161391032098816,"{'mentions': [{'start': 3, 'end': 17, 'username': 'BrennenTaylor', 'id': '396866544'}]}",
['1123658969938001923'],RT @ruinthesteele: billie eilish is a 17 year old girl and y‚Äôall are grabbing her boobs???at a m&amp;g??? some of y‚Äôall are sick sososo sick,"{'retweet_count': 8, 'reply_count': 0, 'like_count': 0, 'quote_count': 0, 'impression_count': 0}",2019-05-01T18:42:29.000Z,1123658969938001923,"{'annotations': [{'start': 19, 'end': 31, 'probability': 0.9717, 'type': 'Person', 'normalized_text': 'billie eilish'}]}",
['1123733217507532801'],"The Senate President, Bukola Saraki, Deputy Senate President, Ike Ekweremadu have hailed Nigerian workers for playing integral... - https://t.co/Q7IDvi9ZGM https://t.co/Kiuh2aUoek","{'retweet_count': 0, 'reply_count': 0, 'like_count': 0, 'quote_count': 0, 'impression_count': 0}",2019-05-01T23:37:31.000Z,1123733217507532801,"{'urls': [{'start': 132, 'end': 155, 'url': 'https://t.co/Q7IDvi9ZGM', 'expanded_url': 'https://is.gd/DLUCdB', 'display_url': 'is.gd/DLUCdB'}, {'start': 156, 'end': 179, 'url': 'https://t.co/Kiuh2aUoek', 'expanded_url': 'https://twitter.com/NofNews_Nigeria/status/1123733217507532801/photo/1', 'display_url': 'pic.twitter.com/Kiuh2aUoek', 'media_key': '3_1123733214969901057'}], 'annotations': [{'start': 22, 'end': 34, 'probability': 0.8998, 'type': 'Person', 'normalized_text': 'Bukola Saraki'}, {'start': 62, 'end': 75, 'probability': 0.9005, 'type': 'Person', 'normalized_text': 'Ike Ekweremadu'}]}",
['1123742306534940672'],"RT @AdamantxYves: America is just a series of terrorist attacks that they won't call terrorism, and we just try to live around/between them.","{'retweet_count': 135, 'reply_count': 0, 'like_count': 0, 'quote_count': 0, 'impression_count': 0}",2019-05-02T00:13:38.000Z,1123742306534940672,"{'mentions': [{'start': 3, 'end': 16, 'username': 'AdamantxYves', 'id': '98121293'}], 'annotations': [{'start': 18, 'end': 24, 'probability': 0.9294, 'type': 'Place', 'normalized_text': 'America'}]}",
['1130194421180510208'],Never will you ever see another series where the characters look absolutely gay but are the manliest mother fuckers you will ever see https://t.co/Nbej2Kqs80,"{'retweet_count': 0, 'reply_count': 0, 'like_count': 5, 'quote_count': 0, 'impression_count': 0}",2019-05-19T19:32:02.000Z,1130194421180510208,"{'urls': [{'start': 134, 'end': 157, 'url': 'https://t.co/Nbej2Kqs80', 'expanded_url': 'https://twitter.com/irlkira/status/1129881071947014144', 'display_url': 'twitter.com/irlkira/status‚Ä¶'}]}",
['1123780587972644864'],"RT @TheTunnelingCat: #TransCrowdFund Hey all I'm Kaya, today is my birthday, and all I want is to get my name changed https://t.co/okUAdD7t‚Ä¶","{'retweet_count': 92, 'reply_count': 0, 'like_count': 0, 'quote_count': 0, 'impression_count': 0}",2019-05-02T02:45:45.000Z,1123780587972644864,"{'mentions': [{'start': 3, 'end': 19, 'username': 'TheTunnelingCat', 'id': '1092176190'}], 'annotations': [{'start': 49, 'end': 52, 'probability': 0.5831, 'type': 'Other', 'normalized_text': 'Kaya'}], 'hashtags': [{'start': 21, 'end': 36, 'tag': 'TransCrowdFund'}]}",
['1126745751181189121'],"And if you find a Filipina, and she‚Äôs fine, you better keep her. Cuz there ain‚Äôt nothing like a Filipina girl. ü§™","{'retweet_count': 0, 'reply_count': 1, 'like_count': 19, 'quote_count': 0, 'impression_count': 0}",2019-05-10T07:08:15.000Z,1126745751181189121,"{'annotations': [{'start': 18, 'end': 25, 'probability': 0.5188, 'type': 'Other', 'normalized_text': 'Filipina'}]}",
['1130287517964656640'],WHAT THE FUCK #GameOfThrones,"{'retweet_count': 0, 'reply_count': 0, 'like_count': 1, 'quote_count': 0, 'impression_count': 0}",2019-05-20T01:41:58.000Z,1130287517964656640,"{'annotations': [{'start': 15, 'end': 27, 'probability': 0.9334, 'type': 'Other', 'normalized_text': 'GameOfThrones'}], 'hashtags': [{'start': 14, 'end': 28, 'tag': 'GameOfThrones'}]}",
['1126938307475181568'],Fuck your book https://t.co/vyq2jBM9M1,"{'retweet_count': 0, 'reply_count': 0, 'like_count': 1, 'quote_count': 0, 'impression_count': 0}",2019-05-10T19:53:24.000Z,1126938307475181568,"{'urls': [{'start': 15, 'end': 38, 'url': 'https://t.co/vyq2jBM9M1', 'expanded_url': 'https://twitter.com/NatashaTynes/status/1126925472410087424', 'display_url': 'twitter.com/NatashaTynes/s‚Ä¶'}]}",
['1123766566414422017'],"Attorney General Barr cancels second day of testimony, escalating battle with Congress - Reuters - Crooked Ass https://t.co/JyJpOjmUzB","{'retweet_count': 0, 'reply_count': 0, 'like_count': 0, 'quote_count': 0, 'impression_count': 0}",2019-05-02T01:50:02.000Z,1123766566414422017,"{'urls': [{'start': 111, 'end': 134, 'url': 'https://t.co/JyJpOjmUzB', 'expanded_url': 'https://apple.news/Axr_0PqNnTEyMeJzBxkjhlQ', 'display_url': 'apple.news/Axr_0PqNnTEyMe‚Ä¶'}], 'annotations': [{'start': 17, 'end': 20, 'probability': 0.7643, 'type': 'Person', 'normalized_text': 'Barr'}, {'start': 78, 'end': 85, 'probability': 0.6988, 'type': 'Organization', 'normalized_text': 'Congress'}, {'start': 89, 'end': 95, 'probability': 0.9567, 'type': 'Organization', 'normalized_text': 'Reuters'}]}",
['1126980128867639296'],@DrJenGunter Up next: Ohio outlaws fucking,"{'retweet_count': 0, 'reply_count': 0, 'like_count': 0, 'quote_count': 0, 'impression_count': 0}",2019-05-10T22:39:35.000Z,1126980128867639296,"{'mentions': [{'start': 0, 'end': 12, 'username': 'DrJenGunter', 'id': '25728193'}], 'annotations': [{'start': 22, 'end': 25, 'probability': 0.7838, 'type': 'Place', 'normalized_text': 'Ohio'}]}",
['1123706973738995712'],"He's an idiot, and worse than that, a Tory. But I'd like to see the media use their connections to at least research the possibility that he's the fall guy for someone else. The ghost of Sir Humphrey looms large here and your job is to not take things at face value. https://t.co/xiWwdyy0bG","{'retweet_count': 1, 'reply_count': 0, 'like_count': 2, 'quote_count': 0, 'impression_count': 0}",2019-05-01T21:53:14.000Z,1123706973738995712,"{'urls': [{'start': 267, 'end': 290, 'url': 'https://t.co/xiWwdyy0bG', 'expanded_url': 'https://twitter.com/krishgm/status/1123635102548922368', 'display_url': 'twitter.com/krishgm/status‚Ä¶'}], 'annotations': [{'start': 38, 'end': 41, 'probability': 0.9359, 'type': 'Organization', 'normalized_text': 'Tory'}, {'start': 191, 'end': 198, 'probability': 0.4555, 'type': 'Person', 'normalized_text': 'Humphrey'}]}",
['1123800301193039872'],"RT @tiadanaee: White people dont get arrested for rape, drugs, selling lemonade on the side of the road etc, but as soon as a white person‚Ä¶","{'retweet_count': 44018, 'reply_count': 0, 'like_count': 0, 'quote_count': 0, 'impression_count': 0}",2019-05-02T04:04:05.000Z,1123800301193039872,,
['1130337224644386816'],RT @ItsRickkBitch: People will swear on everything &amp; still be lying their ass off,"{'retweet_count': 340, 'reply_count': 0, 'like_count': 0, 'quote_count': 0, 'impression_count': 0}",2019-05-20T04:59:29.000Z,1130337224644386816,"{'mentions': [{'start': 3, 'end': 17, 'username': 'ItsRickkBitch', 'id': '1050407031184666624'}]}",
['1130329460975099904'],"RT @iconicaesthetic: me in 2012: sansa stark queen in the north
haters: delusional bitch it‚Äôs never gonna happen
me in 2019: https://t.co/m‚Ä¶","{'retweet_count': 1171, 'reply_count': 0, 'like_count': 0, 'quote_count': 0, 'impression_count': 0}",2019-05-20T04:28:38.000Z,1130329460975099904,"{'mentions': [{'start': 3, 'end': 19, 'username': 'IconicAesthetic', 'id': '1268006173296525313'}], 'annotations': [{'start': 33, 'end': 43, 'probability': 0.7121, 'type': 'Person', 'normalized_text': 'sansa stark'}]}",
['1123609359697698816'],RT @davidhogg111: If you‚Äôre an anti-vax candidate I will not  vote for you and no one else should.,"{'retweet_count': 1444, 'reply_count': 0, 'like_count': 0, 'quote_count': 0, 'impression_count': 0}",2019-05-01T15:25:21.000Z,1123609359697698816,"{'mentions': [{'start': 3, 'end': 16, 'username': 'davidhogg111', 'id': '1915033663'}]}",
['1126824033675354112'],"RT @RWPUSA: Republicans were willing to impeach a president for lying about a consensual affair with a White House intern.
Democrats won‚Äôt‚Ä¶","{'retweet_count': 1614, 'reply_count': 0, 'like_count': 0, 'quote_count': 0, 'impression_count': 0}",2019-05-10T12:19:19.000Z,1126824033675354112,"{'mentions': [{'start': 3, 'end': 10, 'username': 'RWPUSA', 'id': '2863996955'}], 'annotations': [{'start': 103, 'end': 113, 'probability': 0.4513, 'type': 'Organization', 'normalized_text': 'White House'}, {'start': 123, 'end': 131, 'probability': 0.494, 'type': 'Organization', 'normalized_text': 'Democrats'}]}",
['1123796853479432193'],"RT @SudheenKulkarni: ""#Congress people hate me so much that they dream of KILLING me"" - #Modi

Coming from an incumbent PM, this is an extr‚Ä¶","{'retweet_count': 106, 'reply_count': 0, 'like_count': 0, 'quote_count': 0, 'impression_count': 0}",2019-05-02T03:50:23.000Z,1123796853479432193,"{'mentions': [{'start': 3, 'end': 19, 'username': 'SudheenKulkarni', 'id': '358127438'}], 'annotations': [{'start': 89, 'end': 92, 'probability': 0.7866, 'type': 'Person', 'normalized_text': 'Modi'}], 'hashtags': [{'start': 22, 'end': 31, 'tag': 'Congress'}, {'start': 88, 'end': 93, 'tag': 'Modi'}]}",
['1126890945402867712'],@SweetSP902 I hate you‚Äôll.... but she didn‚Äôt tell us that juicy piece thoüëÄüëÄ https://t.co/lb2YQGLAFO,"{'retweet_count': 0, 'reply_count': 0, 'like_count': 0, 'quote_count': 0, 'impression_count': 0}",2019-05-10T16:45:12.000Z,1126890945402867712,"{'mentions': [{'start': 0, 'end': 11, 'username': 'SweetSP902', 'id': '1093218623278235648'}], 'urls': [{'start': 76, 'end': 99, 'url': 'https://t.co/lb2YQGLAFO', 'expanded_url': 'https://twitter.com/imperfect_649/status/1126890945402867712/photo/1', 'display_url': 'pic.twitter.com/lb2YQGLAFO', 'media_key': '16_1126890939316879360'}]}",
['1123828109445357575'],"@girlsreallyrule Such arrogant assholes these Trump enablers, GOP corrupt thugs!!!","{'retweet_count': 0, 'reply_count': 0, 'like_count': 1, 'quote_count': 0, 'impression_count': 0}",2019-05-02T05:54:35.000Z,1123828109445357575,"{'mentions': [{'start': 0, 'end': 16, 'username': 'girlsreallyrule', 'id': '580312540'}], 'annotations': [{'start': 46, 'end': 50, 'probability': 0.9543, 'type': 'Person', 'normalized_text': 'Trump'}]}",
['1126815804438134784'],RT @SethAbramson: All I'm saying and I realize it's controversial is that we shouldn't have a president who committed a bunch of crimes,"{'retweet_count': 6442, 'reply_count': 0, 'like_count': 0, 'quote_count': 0, 'impression_count': 0}",2019-05-10T11:46:37.000Z,1126815804438134784,"{'mentions': [{'start': 3, 'end': 16, 'username': 'SethAbramson', 'id': '3223426134'}]}",
['1126846418659028992'],That Nigga ain‚Äôt shit dawgüëéüèΩ https://t.co/5e47Gr3FTY,"{'retweet_count': 0, 'reply_count': 0, 'like_count': 0, 'quote_count': 0, 'impression_count': 0}",2019-05-10T13:48:16.000Z,1126846418659028992,"{'urls': [{'start': 29, 'end': 52, 'url': 'https://t.co/5e47Gr3FTY', 'expanded_url': 'https://twitter.com/Reeseyola/status/1126634915498426376', 'display_url': 'twitter.com/Reeseyola/stat‚Ä¶'}]}",
['1130021905250095105'],"You ever question yourself where the energy usually come from during RAMADAN period?

The sleepless nights,work,tefseer,tilawat during the day

subhanallah! Are these not prove enough for us to know that Allah truly chained shaytan throughout the holy month.indeed HE'S d greatest","{'retweet_count': 1, 'reply_count': 0, 'like_count': 3, 'quote_count': 0, 'impression_count': 0}",2019-05-19T08:06:31.000Z,1130021905250095105,"{'annotations': [{'start': 69, 'end': 75, 'probability': 0.6812, 'type': 'Other', 'normalized_text': 'RAMADAN'}, {'start': 204, 'end': 208, 'probability': 0.556, 'type': 'Other', 'normalized_text': 'Allah'}]}",
['1123787345000632321'],"RT @1pinkfridayy: y‚Äôall b so happy to brag about being trash human beings on here fucking psychopaths, get help","{'retweet_count': 132, 'reply_count': 0, 'like_count': 0, 'quote_count': 0, 'impression_count': 0}",2019-05-02T03:12:36.000Z,1123787345000632321,"{'mentions': [{'start': 3, 'end': 16, 'username': '1pinkfridayy', 'id': '1570413416677883904'}]}",
['1126795986372825088'],"RT @JimMFelton: 2016:
""Brexit will improve your lives""

2019:
""It won't be as bad as that time that 450,000 of us fucking died"" https://t.c‚Ä¶","{'retweet_count': 2786, 'reply_count': 0, 'like_count': 0, 'quote_count': 0, 'impression_count': 0}",2019-05-10T10:27:52.000Z,1126795986372825088,"{'mentions': [{'start': 3, 'end': 14, 'username': 'JimMFelton', 'id': '2904913023'}], 'annotations': [{'start': 23, 'end': 28, 'probability': 0.9171, 'type': 'Other', 'normalized_text': 'Brexit'}]}",
['1123745930442878977'],"@ChooseToBFree @adjunctprofessr Who‚Äôs in bed with Russia. We know you Dems are evil! Hillary sold our Uranium to them Obama told Russian agent, tell Putin I will get with him!","{'retweet_count': 0, 'reply_count': 0, 'like_count': 0, 'quote_count': 0, 'impression_count': 0}",2019-05-02T00:28:02.000Z,1123745930442878977,"{'mentions': [{'start': 15, 'end': 31, 'username': 'adjunctprofessr', 'id': '1207877356347625472'}], 'annotations': [{'start': 50, 'end': 55, 'probability': 0.9636, 'type': 'Place', 'normalized_text': 'Russia'}, {'start': 85, 'end': 91, 'probability': 0.8438, 'type': 'Person', 'normalized_text': 'Hillary'}, {'start': 118, 'end': 122, 'probability': 0.9556, 'type': 'Person', 'normalized_text': 'Obama'}, {'start': 149, 'end': 153, 'probability': 0.9651, 'type': 'Person', 'normalized_text': 'Putin'}]}",{'place_id': 'dd9c503d6c35364b'}
['1126827187804475392'],On god‚Äîmen do not understand my humor. You all are lame as fuck,"{'retweet_count': 0, 'reply_count': 0, 'like_count': 3, 'quote_count': 0, 'impression_count': 0}",2019-05-10T12:31:51.000Z,1126827187804475392,,
['1126803443841142785'],"I want to walk all over you 
Smother your face with my massive black cheeks
Mind fuck your brain leave you locked in where you belong #findom https://t.co/OXtHq2QPtX","{'retweet_count': 3, 'reply_count': 0, 'like_count': 2, 'quote_count': 0, 'impression_count': 0}",2019-05-10T10:57:30.000Z,1126803443841142785,"{'urls': [{'start': 142, 'end': 165, 'url': 'https://t.co/OXtHq2QPtX', 'expanded_url': 'https://twitter.com/MistressMae4/status/1126803443841142785/photo/1', 'display_url': 'pic.twitter.com/OXtHq2QPtX', 'media_key': '3_1126803435930701824'}], 'annotations': [{'start': 29, 'end': 35, 'probability': 0.4669, 'type': 'Other', 'normalized_text': 'Smother'}], 'hashtags': [{'start': 134, 'end': 141, 'tag': 'findom'}]}",
['1123733368481427456'],RT @ellevargaz: Fuck (and I cannot express this enough) T*u*p supporters &amp; those who voted for him. https://t.co/f0ksmW1Sd6,"{'retweet_count': 1752, 'reply_count': 0, 'like_count': 0, 'quote_count': 0, 'impression_count': 0}",2019-05-01T23:38:07.000Z,1123733368481427456,"{'mentions': [{'start': 3, 'end': 14, 'username': 'ellevargaz', 'id': '375836504'}], 'urls': [{'start': 104, 'end': 127, 'url': 'https://t.co/f0ksmW1Sd6', 'expanded_url': 'https://twitter.com/Independent/status/1122743565711331329', 'display_url': 'twitter.com/Independent/st‚Ä¶'}]}",
['1126861815961382913'],"RT @JordanUhl: Turning Point USA's UNLV president: ""We‚Äôre Gonna Run the Country! White Power! F**k N*****s!"" https://t.co/JaNT20nrHa","{'retweet_count': 1172, 'reply_count': 0, 'like_count': 0, 'quote_count': 0, 'impression_count': 0}",2019-05-10T14:49:27.000Z,1126861815961382913,"{'mentions': [{'start': 3, 'end': 13, 'username': 'JordanUhl', 'id': '68752979'}], 'urls': [{'start': 109, 'end': 132, 'url': 'https://t.co/JaNT20nrHa', 'expanded_url': 'https://twitter.com/IGD_News/status/1126670175384662016', 'display_url': 'twitter.com/IGD_News/statu‚Ä¶'}], 'annotations': [{'start': 29, 'end': 31, 'probability': 0.918, 'type': 'Place', 'normalized_text': 'USA'}, {'start': 35, 'end': 38, 'probability': 0.8105, 'type': 'Organization', 'normalized_text': 'UNLV'}]}",
['1130240235546267649'],RT @DavidJHarrisJr: They never have any facts... Just out of control emotional rhetoric. Had to stick up for my President @realDonaldTrump!‚Ä¶,"{'retweet_count': 2902, 'reply_count': 0, 'like_count': 0, 'quote_count': 0, 'impression_count': 0}",2019-05-19T22:34:05.000Z,1130240235546267649,"{'mentions': [{'start': 3, 'end': 18, 'username': 'DavidJHarrisJr', 'id': '3530404094'}, {'start': 122, 'end': 138, 'username': 'realDonaldTrump', 'id': '25073877'}]}",
['1123598257387601920'],@robreiner Graham should have been kicked off this Committee.  He has proven he is a traitor to America and Trumps patsy boy.  Unfair from beginning of Committee from beginning!,"{'retweet_count': 2, 'reply_count': 1, 'like_count': 4, 'quote_count': 0, 'impression_count': 0}",2019-05-01T14:41:14.000Z,1123598257387601920,"{'mentions': [{'start': 0, 'end': 10, 'username': 'robreiner', 'id': '738080573365702657'}], 'annotations': [{'start': 11, 'end': 16, 'probability': 0.9305, 'type': 'Person', 'normalized_text': 'Graham'}, {'start': 96, 'end': 102, 'probability': 0.9012, 'type': 'Place', 'normalized_text': 'America'}, {'start': 108, 'end': 113, 'probability': 0.8923, 'type': 'Person', 'normalized_text': 'Trumps'}]}",
['1127068104427655169'],RT @TSUKl666: Fuck all these females tbh all I need is my homies.... about to risk it all https://t.co/SN1FOn7rm0,"{'retweet_count': 8, 'reply_count': 0, 'like_count': 0, 'quote_count': 0, 'impression_count': 0}",2019-05-11T04:29:10.000Z,1127068104427655169,"{'mentions': [{'start': 3, 'end': 12, 'username': 'TSUKl666', 'id': '3145013887'}], 'urls': [{'start': 90, 'end': 113, 'url': 'https://t.co/SN1FOn7rm0', 'expanded_url': 'https://twitter.com/TSUKl666/status/1126944332861149187/photo/1', 'display_url': 'pic.twitter.com/SN1FOn7rm0', 'media_key': '3_1126944326162849792'}, {'start': 90, 'end': 113, 'url': 'https://t.co/SN1FOn7rm0', 'expanded_url': 'https://twitter.com/TSUKl666/status/1126944332861149187/photo/1', 'display_url': 'pic.twitter.com/SN1FOn7rm0', 'media_key': '3_1126944326141956096'}, {'start': 90, 'end': 113, 'url': 'https://t.co/SN1FOn7rm0', 'expanded_url': 'https://twitter.com/TSUKl666/status/1126944332861149187/photo/1', 'display_url': 'pic.twitter.com/SN1FOn7rm0', 'media_key': '3_1126944326230011904'}, {'start': 90, 'end': 113, 'url': 'https://t.co/SN1FOn7rm0', 'expanded_url': 'https://twitter.com/TSUKl666/status/1126944332861149187/photo/1', 'display_url': 'pic.twitter.com/SN1FOn7rm0', 'media_key': '3_1126944326162903040'}]}",
['1130164033422811137'],RT @bniceloco: Niggas do the funniest shit when they're high üò≠üò≠ https://t.co/t85BSS87JY,"{'retweet_count': 35080, 'reply_count': 0, 'like_count': 0, 'quote_count': 0, 'impression_count': 0}",2019-05-19T17:31:17.000Z,1130164033422811137,"{'mentions': [{'start': 3, 'end': 13, 'username': 'bniceloco', 'id': '122881733'}], 'urls': [{'start': 64, 'end': 87, 'url': 'https://t.co/t85BSS87JY', 'expanded_url': 'https://twitter.com/OfficialSkinny1/status/939657002707496960/video/1', 'display_url': 'pic.twitter.com/t85BSS87JY', 'media_key': '7_939656902258184192'}]}",
['1126948533184204801'],"RT @adamcbest: Conservatives on abortion: We want a ban!

Conservatives on gay marriage: We want a ban!

Conservatives on immigration: We w‚Ä¶","{'retweet_count': 65250, 'reply_count': 0, 'like_count': 0, 'quote_count': 0, 'impression_count': 0}",2019-05-10T20:34:02.000Z,1126948533184204801,"{'mentions': [{'start': 3, 'end': 13, 'username': 'adamcbest', 'id': '17261066'}]}",
['1130169179846397964'],@CBSNews She has humanitarian helping causes around the world. Yeah right. Fucking monarchy useless people. Glad we don't  have that shit,"{'retweet_count': 0, 'reply_count': 0, 'like_count': 0, 'quote_count': 0, 'impression_count': 0}",2019-05-19T17:51:44.000Z,1130169179846397964,"{'mentions': [{'start': 0, 'end': 8, 'username': 'CBSNews', 'id': '15012486'}]}",
['1127085414286811136'],"Cops are fucking disgusting, you can't change my mind. https://t.co/2igqOzCB13","{'retweet_count': 0, 'reply_count': 0, 'like_count': 0, 'quote_count': 0, 'impression_count': 0}",2019-05-11T05:37:57.000Z,1127085414286811136,"{'urls': [{'start': 55, 'end': 78, 'url': 'https://t.co/2igqOzCB13', 'expanded_url': 'https://www.facebook.com/100001250321431/posts/2370840166300971/', 'display_url': 'facebook.com/10000125032143‚Ä¶'}]}",
['1130201211741900800'],RT @AndyOstroy: Can we just agree at this point that everything this corrupt traitor does is shocking and inappropriate? That everything he‚Ä¶,"{'retweet_count': 181, 'reply_count': 0, 'like_count': 0, 'quote_count': 0, 'impression_count': 0}",2019-05-19T19:59:01.000Z,1130201211741900800,"{'mentions': [{'start': 3, 'end': 14, 'username': 'AndyOstroy', 'id': '123281100'}]}",
['1126813313030131712'],RT @RawStory: President suffers meltdown after James Comey told CNN it is ‚Äòpossible‚Äô that ‚Äòthe Russians have leverage over President Trump‚Äô‚Ä¶,"{'retweet_count': 278, 'reply_count': 0, 'like_count': 0, 'quote_count': 0, 'impression_count': 0}",2019-05-10T11:36:43.000Z,1126813313030131712,"{'mentions': [{'start': 3, 'end': 12, 'username': 'RawStory', 'id': '16041234'}], 'annotations': [{'start': 47, 'end': 57, 'probability': 0.9742, 'type': 'Person', 'normalized_text': 'James Comey'}, {'start': 64, 'end': 66, 'probability': 0.9732, 'type': 'Organization', 'normalized_text': 'CNN'}, {'start': 133, 'end': 137, 'probability': 0.8671, 'type': 'Person', 'normalized_text': 'Trump'}]}",
['1130008017926119424'],The utter ignorance of intolerant white people about #Muslims is astounding. Mmm she said she was willing to talk so maybe there's hope to educate her. Rightly got fired by #tacobell. #Islamophobia https://t.co/sglryHA415,"{'retweet_count': 2, 'reply_count': 0, 'like_count': 5, 'quote_count': 0, 'impression_count': 0}",2019-05-19T07:11:20.000Z,1130008017926119424,"{'urls': [{'start': 198, 'end': 221, 'url': 'https://t.co/sglryHA415', 'expanded_url': 'https://twitter.com/_SJPeace_/status/1129756901187751936', 'display_url': 'twitter.com/_SJPeace_/stat‚Ä¶'}], 'hashtags': [{'start': 53, 'end': 61, 'tag': 'Muslims'}, {'start': 173, 'end': 182, 'tag': 'tacobell'}, {'start': 184, 'end': 197, 'tag': 'Islamophobia'}], 'annotations': [{'start': 174, 'end': 181, 'probability': 0.7438, 'type': 'Person', 'normalized_text': 'tacobell'}, {'start': 185, 'end': 196, 'probability': 0.4696, 'type': 'Other', 'normalized_text': 'Islamophobia'}]}",
['1126817880610181121'],"RT @PreetiSMenon: Shame on you @GautamGambhir.
We all know it's mandatory to be a filthy misogynist to be in @BJP4India but your sordid fak‚Ä¶","{'retweet_count': 1845, 'reply_count': 0, 'like_count': 0, 'quote_count': 0, 'impression_count': 0}",2019-05-10T11:54:52.000Z,1126817880610181121,"{'mentions': [{'start': 3, 'end': 16, 'username': 'PreetiSMenon', 'id': '988858957'}, {'start': 31, 'end': 45, 'username': 'GautamGambhir', 'id': '99448420'}, {'start': 109, 'end': 119, 'username': 'BJP4India', 'id': '207809313'}]}",
['1123661008373985282'],"RT @JoeNBC: How stupid does William Barr and his Republican enablers in Washington, DC, think Americans are? Judging from their performance‚Ä¶","{'retweet_count': 6775, 'reply_count': 0, 'like_count': 0, 'quote_count': 0, 'impression_count': 0}",2019-05-01T18:50:35.000Z,1123661008373985282,"{'mentions': [{'start': 3, 'end': 10, 'username': 'JoeNBC', 'id': '21619519'}], 'annotations': [{'start': 28, 'end': 39, 'probability': 0.9769, 'type': 'Person', 'normalized_text': 'William Barr'}, {'start': 72, 'end': 81, 'probability': 0.583, 'type': 'Place', 'normalized_text': 'Washington'}, {'start': 84, 'end': 85, 'probability': 0.8996, 'type': 'Place', 'normalized_text': 'DC'}]}",
['1126974172977143808'],RT @mineifiwildout: took that bitch off n had a tory lanez hairline https://t.co/Q9xiwQKY91,"{'retweet_count': 1002, 'reply_count': 0, 'like_count': 0, 'quote_count': 0, 'impression_count': 0}",2019-05-10T22:15:55.000Z,1126974172977143808,"{'mentions': [{'start': 3, 'end': 18, 'username': 'mineifiwildout', 'id': '1614375631'}], 'urls': [{'start': 68, 'end': 91, 'url': 'https://t.co/Q9xiwQKY91', 'expanded_url': 'https://twitter.com/blackannctable/status/1125451199010963456', 'display_url': 'twitter.com/blackannctable‚Ä¶'}]}",
['1123822421973315587'],"RT @blcksiren_: You can block me, unfriend me, unfollow me

But you can‚Äôt uneat my ass https://t.co/x8IhSs2nxU","{'retweet_count': 36436, 'reply_count': 0, 'like_count': 0, 'quote_count': 0, 'impression_count': 0}",2019-05-02T05:31:59.000Z,1123822421973315587,"{'mentions': [{'start': 3, 'end': 14, 'username': 'blcksiren_', 'id': '2521888060'}], 'urls': [{'start': 87, 'end': 110, 'url': 'https://t.co/x8IhSs2nxU', 'expanded_url': 'https://twitter.com/blcksiren_/status/1123335052216160257/video/1', 'display_url': 'pic.twitter.com/x8IhSs2nxU', 'media_key': '7_1123334691078193153'}]}",
['1123590212695875589'],RT @jaketapper: White House is working to designate Muslim Brotherhood a terrorist organization - CNNPolitics https://t.co/28kYsBidQ9,"{'retweet_count': 747, 'reply_count': 0, 'like_count': 0, 'quote_count': 0, 'impression_count': 0}",2019-05-01T14:09:16.000Z,1123590212695875589,"{'mentions': [{'start': 3, 'end': 14, 'username': 'jaketapper', 'id': '14529929'}], 'urls': [{'start': 110, 'end': 133, 'url': 'https://t.co/28kYsBidQ9', 'expanded_url': 'https://www.cnn.com/2019/04/30/politics/trump-administration-muslim-brotherhood-terrorist-group/index.html', 'display_url': 'cnn.com/2019/04/30/pol‚Ä¶', 'status': 200, 'unwound_url': 'https://www.cnn.com/2019/04/30/politics/trump-administration-muslim-brotherhood-terrorist-group/index.html'}], 'annotations': [{'start': 16, 'end': 26, 'probability': 0.7918, 'type': 'Place', 'normalized_text': 'White House'}, {'start': 59, 'end': 69, 'probability': 0.5077, 'type': 'Organization', 'normalized_text': 'Brotherhood'}, {'start': 98, 'end': 108, 'probability': 0.7481, 'type': 'Organization', 'normalized_text': 'CNNPolitics'}]}",
['1123532004153266177'],RT @amvetsupport: Every day I see less morality and values from this corrupt presidency. Here is my position. Don‚Äôt any of you trump suppor‚Ä¶,"{'retweet_count': 169, 'reply_count': 0, 'like_count': 0, 'quote_count': 0, 'impression_count': 0}",2019-05-01T10:17:58.000Z,1123532004153266177,"{'mentions': [{'start': 3, 'end': 16, 'username': 'amvetsupport', 'id': '755946560794558464'}]}",
['1123527927268806656'],realDonaldTrump #tinyhands not my president https://t.co/yHUYokawoi,"{'retweet_count': 0, 'reply_count': 0, 'like_count': 0, 'quote_count': 0, 'impression_count': 0}",2019-05-01T10:01:46.000Z,1123527927268806656,"{'urls': [{'start': 44, 'end': 67, 'url': 'https://t.co/yHUYokawoi', 'expanded_url': 'https://twitter.com/MostDelectable/status/1123527927268806656/photo/1', 'display_url': 'pic.twitter.com/yHUYokawoi', 'media_key': '3_1123527926199259136'}], 'hashtags': [{'start': 16, 'end': 26, 'tag': 'tinyhands'}], 'annotations': [{'start': 0, 'end': 14, 'probability': 0.5347, 'type': 'Person', 'normalized_text': 'realDonaldTrump'}]}",
['1123683993147379712'],RT @kodakvon: fuck instructions how hard is it to go crazy on the clit whirl going stupid with fingers y‚Äôall niggas retards https://t.co/AQ‚Ä¶,"{'retweet_count': 1, 'reply_count': 0, 'like_count': 0, 'quote_count': 0, 'impression_count': 0}",2019-05-01T20:21:55.000Z,1123683993147379712,"{'mentions': [{'start': 3, 'end': 12, 'username': 'KodakVon', 'id': '1491199575750848512'}]}",
['1130178839332696064'],"RT @M3lchyyy: Before mdeportiwe nadai kuwashow 
"" Petite girls are the shitüòçüòçüòã ""","{'retweet_count': 53, 'reply_count': 0, 'like_count': 0, 'quote_count': 0, 'impression_count': 0}",2019-05-19T18:30:07.000Z,1130178839332696064,"{'mentions': [{'start': 3, 'end': 12, 'username': 'M3lchyyy', 'id': '990160670527246344'}]}",
['1126786423363973120'],"you know they want to ""lock her up"" https://t.co/ppYJI094Gw","{'retweet_count': 0, 'reply_count': 0, 'like_count': 0, 'quote_count': 0, 'impression_count': 0}",2019-05-10T09:49:52.000Z,1126786423363973120,"{'urls': [{'start': 36, 'end': 59, 'url': 'https://t.co/ppYJI094Gw', 'expanded_url': 'https://twitter.com/mjs_DC/status/1125857889011236864', 'display_url': 'twitter.com/mjs_DC/status/‚Ä¶'}]}",
['1126970146436915206'],therefore cats are inferior FUCK U if you love cats https://t.co/w4Sl1SrooI,"{'retweet_count': 0, 'reply_count': 2, 'like_count': 2, 'quote_count': 0, 'impression_count': 0}",2019-05-10T21:59:55.000Z,1126970146436915206,"{'urls': [{'start': 52, 'end': 75, 'url': 'https://t.co/w4Sl1SrooI', 'expanded_url': 'https://twitter.com/elonmusk/status/1126944861221900288', 'display_url': 'twitter.com/elonmusk/statu‚Ä¶'}]}",
['1123645770450780166'],RT @ProudResister: Bill Barr is a traitor. Lindsey Graham is a traitor. Mitch McConnell is a traitor. Donald Trump is a traitor. But if Dem‚Ä¶,"{'retweet_count': 6765, 'reply_count': 0, 'like_count': 0, 'quote_count': 0, 'impression_count': 0}",2019-05-01T17:50:02.000Z,1123645770450780166,"{'mentions': [{'start': 3, 'end': 17, 'username': 'ProudResister', 'id': '1258594071678836739'}], 'annotations': [{'start': 19, 'end': 27, 'probability': 0.9678, 'type': 'Person', 'normalized_text': 'Bill Barr'}, {'start': 43, 'end': 56, 'probability': 0.9549, 'type': 'Person', 'normalized_text': 'Lindsey Graham'}, {'start': 72, 'end': 86, 'probability': 0.966, 'type': 'Person', 'normalized_text': 'Mitch McConnell'}, {'start': 102, 'end': 113, 'probability': 0.9414, 'type': 'Person', 'normalized_text': 'Donald Trump'}]}",
['1130216869091262465'],"RT @chasefoland: Jake Paul: bro, you‚Äôre a bully and you hurt my feelings

Cody Ko:

 https://t.co/zKsksS8lb5","{'retweet_count': 16068, 'reply_count': 0, 'like_count': 0, 'quote_count': 0, 'impression_count': 0}",2019-05-19T21:01:14.000Z,1130216869091262465,"{'mentions': [{'start': 3, 'end': 15, 'username': 'chasefoland', 'id': '818958942692843521'}], 'urls': [{'start': 85, 'end': 108, 'url': 'https://t.co/zKsksS8lb5', 'expanded_url': 'https://twitter.com/the_howellowl/status/1130180258727170051/video/1', 'display_url': 'pic.twitter.com/zKsksS8lb5', 'media_key': '7_1130180217052565505'}], 'annotations': [{'start': 17, 'end': 25, 'probability': 0.9394, 'type': 'Person', 'normalized_text': 'Jake Paul'}, {'start': 74, 'end': 80, 'probability': 0.5857, 'type': 'Person', 'normalized_text': 'Cody Ko'}]}",
['1123617475671810050'],Men are  TRASH! üíî I‚Äôm a victim of rape I‚Äôm just not as strong to come out. I guess I just did. Fuck niggas. https://t.co/V5tZcSHMtD,"{'retweet_count': 0, 'reply_count': 1, 'like_count': 2, 'quote_count': 0, 'impression_count': 0}",2019-05-01T15:57:36.000Z,1123617475671810050,"{'urls': [{'start': 108, 'end': 131, 'url': 'https://t.co/V5tZcSHMtD', 'expanded_url': 'https://twitter.com/JamesDean_Damit/status/1123396935610720257', 'display_url': 'twitter.com/JamesDean_Dami‚Ä¶'}]}",
