entities,created_at,text,edit_history_tweet_ids,public_metrics,id
"{'annotations': [{'start': 8, 'end': 12, 'probability': 0.8528, 'type': 'Other', 'normalized_text': 'Angie'}]}",2019-05-02T04:04:58.000Z,"Nobody:
Angie: U getting dick ? Cus ur ass looks bigger",['1123800523499552768'],"{'retweet_count': 1, 'reply_count': 0, 'like_count': 3, 'quote_count': 0, 'impression_count': 0}",1123800523499552768
"{'urls': [{'start': 13, 'end': 36, 'url': 'https://t.co/jVKBTvjKw9', 'expanded_url': 'https://t.co/jVKBTvjKw9', 'display_url': 't.co/jVKBTvjKw9'}]}",2019-05-19T22:19:39.000Z,Shame on you https://t.co/jVKBTvjKw9,['1130236603291643905'],"{'retweet_count': 0, 'reply_count': 0, 'like_count': 0, 'quote_count': 0, 'impression_count': 0}",1130236603291643905
"{'mentions': [{'start': 3, 'end': 17, 'username': 'charliekirk11', 'id': '292929271'}]}",2019-05-19T11:43:41.000Z,"RT @charliekirk11: I am so SICK of Republicans endorsing positions simply to appease the media and the left

The media loves Republicans th‚Ä¶",['1130076557026963457'],"{'retweet_count': 4041, 'reply_count': 0, 'like_count': 0, 'quote_count': 0, 'impression_count': 0}",1130076557026963457
"{'annotations': [{'start': 71, 'end': 75, 'probability': 0.5956, 'type': 'Person', 'normalized_text': 'trump'}], 'mentions': [{'start': 0, 'end': 13, 'username': 'RealSaavedra', 'id': '812135885328236551'}, {'start': 14, 'end': 25, 'username': 'benshapiro', 'id': '17995040'}]}",2019-05-20T01:26:54.000Z,@RealSaavedra @benshapiro My hot water heater went out today-That damn trump got me again!!!,['1130283726313795584'],"{'retweet_count': 0, 'reply_count': 2, 'like_count': 0, 'quote_count': 0, 'impression_count': 0}",1130283726313795584
"{'annotations': [{'start': 78, 'end': 82, 'probability': 0.88, 'type': 'Other', 'normalized_text': 'Jesss'}]}",2019-05-01T19:07:16.000Z,"All I hear is my siblings coming in the house. Ewww what's that awful smell 

Jesss did you poop again??? 

Me I'm sick sorry",['1123665206838734850'],"{'retweet_count': 0, 'reply_count': 0, 'like_count': 0, 'quote_count': 0, 'impression_count': 0}",1123665206838734850
"{'urls': [{'start': 43, 'end': 66, 'url': 'https://t.co/eAVumKf0wX', 'expanded_url': 'https://twitter.com/kemimarie/status/1122344909275574272', 'display_url': 'twitter.com/kemimarie/stat‚Ä¶'}], 'mentions': [{'start': 16, 'end': 30, 'username': 'calebhayden40', 'id': '764138381672484864'}]}",2019-05-01T17:17:48.000Z,"You‚Äôre pregnant @calebhayden40 

You whore https://t.co/eAVumKf0wX",['1123637658679414788'],"{'retweet_count': 1, 'reply_count': 2, 'like_count': 3, 'quote_count': 0, 'impression_count': 0}",1123637658679414788
"{'mentions': [{'start': 0, 'end': 13, 'username': 'prolificpapi', 'id': '764065429971095553'}]}",2019-05-10T12:37:44.000Z,"@ProlificPapi ü§£ bun him anyway, he cheated",['1126828668389593088'],"{'retweet_count': 0, 'reply_count': 0, 'like_count': 0, 'quote_count': 1, 'impression_count': 0}",1126828668389593088
"{'urls': [{'start': 93, 'end': 116, 'url': 'https://t.co/JMi3iPFVps', 'expanded_url': 'https://www.palmerreport.com/analysis/more-sick-twisted-trump-thought/18069/', 'display_url': 'palmerreport.com/analysis/more-‚Ä¶'}], 'annotations': [{'start': 16, 'end': 27, 'probability': 0.9706, 'type': 'Person', 'normalized_text': 'Donald Trump'}], 'mentions': [{'start': 3, 'end': 14, 'username': 'BillPalmer', 'id': '10253'}]}",2019-05-19T16:30:06.000Z,RT @BillPalmer: Donald Trump reveals he's somehow even more sick and twisted than we thought https://t.co/JMi3iPFVps,['1130148636170620928'],"{'retweet_count': 5, 'reply_count': 0, 'like_count': 0, 'quote_count': 0, 'impression_count': 0}",1130148636170620928
"{'annotations': [{'start': 47, 'end': 52, 'probability': 0.5766, 'type': 'Other', 'normalized_text': 'Martin'}], 'mentions': [{'start': 0, 'end': 14, 'username': 'MartinDaubney', 'id': '568143078'}]}",2019-05-10T19:55:19.000Z,"@MartinDaubney What the fuck has happened to u Martin ? Pinning ur colours to a racist like farage, I‚Äôm ashamed of you",['1126938789807632390'],"{'retweet_count': 0, 'reply_count': 1, 'like_count': 1, 'quote_count': 0, 'impression_count': 0}",1126938789807632390
"{'annotations': [{'start': 16, 'end': 22, 'probability': 0.4924, 'type': 'Person', 'normalized_text': 'Monsoon'}, {'start': 34, 'end': 37, 'probability': 0.4054, 'type': 'Other', 'normalized_text': 'MODI'}, {'start': 63, 'end': 73, 'probability': 0.4562, 'type': 'Person', 'normalized_text': 'MasoodAzhar'}, {'start': 114, 'end': 122, 'probability': 0.568, 'type': 'Person', 'normalized_text': 'SUSHMA JI'}], 'mentions': [{'start': 3, 'end': 13, 'username': 'ShivAroor', 'id': '139189823'}], 'hashtags': [{'start': 62, 'end': 74, 'tag': 'MasoodAzhar'}]}",2019-05-01T20:47:13.000Z,"RT @ShivAroor: *Monsoon delayed*
""MODI, YOU PIECE OF SHIT!""

*#MasoodAzhar designated global terrorist*
""CONGRATS SUSHMA JI!""",['1123690360084017154'],"{'retweet_count': 3084, 'reply_count': 0, 'like_count': 0, 'quote_count': 0, 'impression_count': 0}",1123690360084017154
"{'annotations': [{'start': 26, 'end': 32, 'probability': 0.716, 'type': 'Person', 'normalized_text': 'Brennan'}], 'mentions': [{'start': 0, 'end': 12, 'username': 'mitchellvii', 'id': '17980523'}, {'start': 13, 'end': 25, 'username': 'JohnBrennan', 'id': '910492003359760384'}, {'start': 245, 'end': 261, 'username': 'realDonaldTrump', 'id': '25073877'}]}",2019-05-19T14:50:50.000Z,@mitchellvii @JohnBrennan Brennan always looks like he‚Äôs smelling bad fish.  He‚Äôs bitter and angry ... probably because he knows what‚Äôs coming &amp; how much his legal troubles are going to cost.  When you hate and you intentionally try to hurt @realDonaldTrump through lies it will come back.,['1130123654895886336'],"{'retweet_count': 0, 'reply_count': 0, 'like_count': 1, 'quote_count': 0, 'impression_count': 0}",1130123654895886336
"{'annotations': [{'start': 16, 'end': 26, 'probability': 0.9699, 'type': 'Person', 'normalized_text': 'Luis Suarez'}]}",2019-05-01T19:51:35.000Z,"Playing against Luis Suarez must be so annoying, he‚Äôs such a little shit üòÇ",['1123676359518248960'],"{'retweet_count': 0, 'reply_count': 0, 'like_count': 1, 'quote_count': 0, 'impression_count': 0}",1123676359518248960
"{'urls': [{'start': 64, 'end': 87, 'url': 'https://t.co/qIMTQzbT8V', 'expanded_url': 'https://twitter.com/FuckMeFistMeLuv/status/1123528090301489154/video/1', 'display_url': 'pic.twitter.com/qIMTQzbT8V', 'media_key': '7_1123528055337697280'}]}",2019-05-01T14:56:22.000Z,RT @FuckMeFistMeLuv: Pounding my booty down on that fat fucker. https://t.co/qIMTQzbT8V,['1123602065811439617'],"{'retweet_count': 355, 'reply_count': 0, 'like_count': 0, 'quote_count': 0, 'impression_count': 0}",1123602065811439617
"{'urls': [{'start': 10, 'end': 33, 'url': 'https://t.co/kSpThXwB4y', 'expanded_url': 'http://bit.ly/2vOYneR', 'display_url': 'bit.ly/2vOYneR'}, {'start': 103, 'end': 126, 'url': 'https://t.co/GaYbDVK1hP', 'expanded_url': 'https://twitter.com/ImTori_Black/status/1126744778081628160/photo/1', 'display_url': 'pic.twitter.com/GaYbDVK1hP', 'media_key': '3_1126744776378687488'}], 'annotations': [{'start': 58, 'end': 61, 'probability': 0.4648, 'type': 'Other', 'normalized_text': 'Tori'}]}",2019-05-10T07:04:23.000Z,"Watch it: https://t.co/kSpThXwB4y
Striking wife in bikini Tori Black fucking fervently on the couch... https://t.co/GaYbDVK1hP",['1126744778081628160'],"{'retweet_count': 0, 'reply_count': 0, 'like_count': 2, 'quote_count': 0, 'impression_count': 0}",1126744778081628160
"{'urls': [{'start': 68, 'end': 91, 'url': 'https://t.co/jn9HYlr1Ss', 'expanded_url': 'https://twitter.com/Proliphic_/status/1125257748268978177/video/1', 'display_url': 'twitter.com/Proliphic_/sta‚Ä¶'}], 'mentions': [{'start': 3, 'end': 18, 'username': 'andreaacepedaa', 'id': '962861534673334272'}]}",2019-05-11T04:33:38.000Z,"RT @andreaacepedaa: friends: you good?
me: yea, fuck him 
also me:  https://t.co/jn9HYlr1Ss",['1127069228492656640'],"{'retweet_count': 14746, 'reply_count': 0, 'like_count': 0, 'quote_count': 0, 'impression_count': 0}",1127069228492656640
"{'mentions': [{'start': 3, 'end': 18, 'username': 'AnfieldEdition', 'id': '4581796174'}]}",2019-05-01T08:25:35.000Z,"RT @AnfieldEdition: The same man has been seen in another video being racist towards an elderly Asian man, who‚Äôs also been pushed in a foun‚Ä¶",['1123503721965608961'],"{'retweet_count': 698, 'reply_count': 0, 'like_count': 0, 'quote_count': 0, 'impression_count': 0}",1123503721965608961
"{'annotations': [{'start': 0, 'end': 4, 'probability': 0.5719, 'type': 'Other', 'normalized_text': 'Etika'}], 'mentions': [{'start': 254, 'end': 260, 'username': 'Etika', 'id': '1932765523'}]}",2019-05-01T17:22:05.000Z,"Etika is officially cancelled.
What a fucking prick.
What a fucking cunt.
What a fucking attention whore.
I can't support someone who thinks shit like this is a joking matter. Especially after he apologized and said he would NEVER do it again.
Fuck you, @Etika.
Fuck you.",['1123638736607154176'],"{'retweet_count': 0, 'reply_count': 0, 'like_count': 0, 'quote_count': 0, 'impression_count': 0}",1123638736607154176
"{'mentions': [{'start': 3, 'end': 13, 'username': 'mindyanns', 'id': '18468025'}]}",2019-05-19T21:45:32.000Z,RT @mindyanns: The fact that the president feels that these horrible crimes shouldn‚Äôt be punished because of the ethnicity of the victims r‚Ä¶,['1130228017547153409'],"{'retweet_count': 134, 'reply_count': 0, 'like_count': 0, 'quote_count': 0, 'impression_count': 0}",1130228017547153409
"{'urls': [{'start': 101, 'end': 124, 'url': 'https://t.co/RIneHG7Lrv', 'expanded_url': 'https://twitter.com/nanaxxahr/status/1123558875662131200/video/1', 'display_url': 'pic.twitter.com/RIneHG7Lrv', 'media_key': '7_1123558566307057664'}], 'mentions': [{'start': 3, 'end': 13, 'username': 'slthnrafi', 'id': '366927202'}]}",2019-05-02T04:17:45.000Z,RT @slthnrafi: boys who destroy someone‚Äôs makeup and didn‚Äôt felt any guilt about it ARE FUCKING DUMB https://t.co/RIneHG7Lrv,['1123803740514017280'],"{'retweet_count': 5996, 'reply_count': 0, 'like_count': 0, 'quote_count': 0, 'impression_count': 0}",1123803740514017280
,2019-05-10T13:23:10.000Z,I got the time wrong im fucking stupid,['1126840102053928960'],"{'retweet_count': 0, 'reply_count': 1, 'like_count': 0, 'quote_count': 0, 'impression_count': 0}",1126840102053928960
"{'mentions': [{'start': 3, 'end': 17, 'username': 'IWriteAllDay_', 'id': '179255183'}]}",2019-05-01T18:11:11.000Z,"RT @IWriteAllDay_: Well, we‚Äôre laughing because folx firstly don‚Äôt even see fat people as human or worthy of empathy (tbh, debate your moth‚Ä¶",['1123651093026754561'],"{'retweet_count': 109, 'reply_count': 0, 'like_count': 0, 'quote_count': 0, 'impression_count': 0}",1123651093026754561
"{'annotations': [{'start': 58, 'end': 63, 'probability': 0.9167, 'type': 'Person', 'normalized_text': 'Julius'}, {'start': 68, 'end': 72, 'probability': 0.972, 'type': 'Person', 'normalized_text': 'Trump'}], 'mentions': [{'start': 0, 'end': 13, 'username': 'TheDailyShow', 'id': '158414847'}]}",2019-05-10T17:39:03.000Z,"@TheDailyShow What you are doing is stupid, and comparing Julius to Trump. Really üôÑ",['1126904497203294211'],"{'retweet_count': 0, 'reply_count': 2, 'like_count': 5, 'quote_count': 0, 'impression_count': 0}",1126904497203294211
,2019-05-10T18:17:25.000Z,I should edit photos but I have a show tonight and blah blah stressed band member shit blah,['1126914152495288320'],"{'retweet_count': 0, 'reply_count': 1, 'like_count': 4, 'quote_count': 0, 'impression_count': 0}",1126914152495288320
,2019-05-11T03:56:15.000Z,@ShayBrenno I totally agree!! Like always went out of her way to help him make it big and he goes and does this rotten shit.,['1127059820668948480'],"{'retweet_count': 0, 'reply_count': 0, 'like_count': 1, 'quote_count': 0, 'impression_count': 0}",1127059820668948480
"{'urls': [{'start': 40, 'end': 63, 'url': 'https://t.co/RYT8huS74K', 'expanded_url': 'https://twitter.com/mumeino_A/status/1126921970975760384', 'display_url': 'twitter.com/mumeino_A/stat‚Ä¶'}]}",2019-05-10T19:50:08.000Z,Who gives a fuck what that cunt thinks? https://t.co/RYT8huS74K,['1126937485408337922'],"{'retweet_count': 0, 'reply_count': 1, 'like_count': 1, 'quote_count': 0, 'impression_count': 0}",1126937485408337922
"{'annotations': [{'start': 31, 'end': 39, 'probability': 0.7, 'type': 'Organization', 'normalized_text': 'Democrats'}, {'start': 80, 'end': 84, 'probability': 0.9343, 'type': 'Person', 'normalized_text': 'Trump'}], 'mentions': [{'start': 3, 'end': 17, 'username': 'thedailybeast', 'id': '16012783'}, {'start': 50, 'end': 64, 'username': 'TheRickWilson', 'id': '19084896'}]}",2019-05-01T12:15:57.000Z,"RT @thedailybeast: ""That‚Äôs it, Democrats,"" writes @TheRickWilson. ""Put just one Trump minion in jail for contempt, and you‚Äôll show that you‚Ä¶",['1123561695635488769'],"{'retweet_count': 1005, 'reply_count': 0, 'like_count': 0, 'quote_count': 0, 'impression_count': 0}",1123561695635488769
"{'annotations': [{'start': 57, 'end': 61, 'probability': 0.7309, 'type': 'Person', 'normalized_text': 'trump'}], 'mentions': [{'start': 0, 'end': 16, 'username': 'realDonaldTrump', 'id': '25073877'}]}",2019-05-10T23:17:41.000Z,"@realDonaldTrump You moved on him like a bitch, fuck you trump",['1126989717059375104'],"{'retweet_count': 0, 'reply_count': 0, 'like_count': 0, 'quote_count': 0, 'impression_count': 0}",1126989717059375104
"{'annotations': [{'start': 72, 'end': 81, 'probability': 0.7253, 'type': 'Other', 'normalized_text': 'Family Guy'}], 'mentions': [{'start': 3, 'end': 12, 'username': 'SanOGram', 'id': '91626152'}]}",2019-05-19T13:57:26.000Z,"RT @SanOGram: Bitches think they MEG THE STALLION

Bitch , you MEG from Family Guy üôÑ",['1130110216345989121'],"{'retweet_count': 522, 'reply_count': 0, 'like_count': 0, 'quote_count': 0, 'impression_count': 0}",1130110216345989121
"{'mentions': [{'start': 3, 'end': 13, 'username': 'FromeneKa', 'id': '908613041419280384'}]}",2019-05-19T10:12:15.000Z,"RT @FromeneKa: Oh glory days, the üíß are TRIGGERED. Couldn‚Äôt happen to better bunch of morons. People are sick of being told we are racist (‚Ä¶",['1130053547104432129'],"{'retweet_count': 37, 'reply_count': 0, 'like_count': 0, 'quote_count': 0, 'impression_count': 0}",1130053547104432129
"{'annotations': [{'start': 70, 'end': 76, 'probability': 0.3563, 'type': 'Person', 'normalized_text': 'spittaz'}], 'mentions': [{'start': 3, 'end': 16, 'username': 'OfficialChip', 'id': '40714100'}, {'start': 46, 'end': 56, 'username': 'DDoubleE7', 'id': '105119874'}]}",2019-05-10T13:39:35.000Z,RT @OfficialChip: There will never be another @DDoubleE7. All u young spittaz tryna copy his style are fake fucking frauds. Shit versions.‚Ä¶,['1126844233422450688'],"{'retweet_count': 129, 'reply_count': 0, 'like_count': 0, 'quote_count': 0, 'impression_count': 0}",1126844233422450688
"{'annotations': [{'start': 31, 'end': 35, 'probability': 0.6271, 'type': 'Other', 'normalized_text': 'alina'}], 'mentions': [{'start': 0, 'end': 15, 'username': 'starlight_9488', 'id': '796287222035030017'}]}",2019-05-19T19:39:10.000Z,"@starlight_9488 @WakabaIsLitAf alina did too but you don't see me yapping cuz she's actually talented oopsie 
if you don't see how az is superior to em in jumps, spins, ss, tr and int it's a you problem bby. 
now go preach to your zero followers and leave me and my moots alone",['1130196216342564864'],"{'retweet_count': 0, 'reply_count': 2, 'like_count': 1, 'quote_count': 0, 'impression_count': 0}",1130196216342564864
"{'mentions': [{'start': 0, 'end': 14, 'username': 'RepAdamSchiff', 'id': '29501253'}]}",2019-05-01T16:55:03.000Z,@RepAdamSchiff Short answer: YOU need to GO AWAY!,['1123631933425168384'],"{'retweet_count': 0, 'reply_count': 0, 'like_count': 0, 'quote_count': 0, 'impression_count': 0}",1123631933425168384
,2019-05-10T20:52:24.000Z,My hoes always playin wen its crunch time dawg smh these bitches better be the same way wen it‚Äôs time for me too go to the zoo n shit ü§£,['1126953155307167749'],"{'retweet_count': 0, 'reply_count': 0, 'like_count': 0, 'quote_count': 0, 'impression_count': 0}",1126953155307167749
"{'annotations': [{'start': 45, 'end': 48, 'probability': 0.913, 'type': 'Person', 'normalized_text': 'Barr'}, {'start': 76, 'end': 83, 'probability': 0.5141, 'type': 'Organization', 'normalized_text': 'Congress'}, {'start': 120, 'end': 124, 'probability': 0.7314, 'type': 'Person', 'normalized_text': 'trump'}], 'mentions': [{'start': 3, 'end': 14, 'username': 'mmpadellan', 'id': '1640929196'}]}",2019-05-01T10:58:32.000Z,RT @mmpadellan: We've all known from the day Barr opened his lying mouth to Congress he was only interested in covering trump's crooked ass‚Ä¶,['1123542213080879104'],"{'retweet_count': 768, 'reply_count': 0, 'like_count': 0, 'quote_count': 0, 'impression_count': 0}",1123542213080879104
"{'annotations': [{'start': 14, 'end': 17, 'probability': 0.6493, 'type': 'Other', 'normalized_text': 'Rudy'}], 'mentions': [{'start': 0, 'end': 13, 'username': 'RudyGiuliani', 'id': '770781940341288960'}]}",2019-05-11T05:15:09.000Z,"@RudyGiuliani Rudy, you‚Äôre either a lunatic, or senile!",['1127079676478754816'],"{'retweet_count': 0, 'reply_count': 0, 'like_count': 0, 'quote_count': 0, 'impression_count': 0}",1127079676478754816
"{'annotations': [{'start': 20, 'end': 28, 'probability': 0.9798, 'type': 'Person', 'normalized_text': 'Bill Barr'}, {'start': 125, 'end': 135, 'probability': 0.8883, 'type': 'Place', 'normalized_text': 'White House'}], 'mentions': [{'start': 3, 'end': 18, 'username': 'benjaminwittes', 'id': '186667011'}]}",2019-05-01T20:03:28.000Z,RT @benjaminwittes: Bill Barr's inability to answer @SenKamalaHarris's question about whether the president or anyone in the White House su‚Ä¶,['1123679350036082688'],"{'retweet_count': 4193, 'reply_count': 0, 'like_count': 0, 'quote_count': 0, 'impression_count': 0}",1123679350036082688
"{'urls': [{'start': 55, 'end': 78, 'url': 'https://t.co/pTh9tj0YI6', 'expanded_url': 'https://twitter.com/JamieBuke/status/1123597512479256577', 'display_url': 'twitter.com/JamieBuke/stat‚Ä¶'}], 'annotations': [{'start': 29, 'end': 31, 'probability': 0.8429, 'type': 'Organization', 'normalized_text': 'SNP'}], 'mentions': [{'start': 0, 'end': 13, 'username': 'EMMACLIFF0RD', 'id': '572618402'}]}",2019-05-01T15:08:11.000Z,"@EMMACLIFF0RD ah, I get it...SNP supporters abused you https://t.co/pTh9tj0YI6",['1123605039556321280'],"{'retweet_count': 0, 'reply_count': 0, 'like_count': 0, 'quote_count': 0, 'impression_count': 0}",1123605039556321280
"{'annotations': [{'start': 44, 'end': 57, 'probability': 0.9625, 'type': 'Person', 'normalized_text': 'Lindsey Graham'}, {'start': 67, 'end': 71, 'probability': 0.9597, 'type': 'Person', 'normalized_text': 'Trump'}, {'start': 106, 'end': 113, 'probability': 0.5488, 'type': 'Person', 'normalized_text': 'BarrLied'}], 'mentions': [{'start': 3, 'end': 19, 'username': 'AynRandPaulRyan', 'id': '755835576'}, {'start': 32, 'end': 40, 'username': 'atrupar', 'id': '288277167'}], 'hashtags': [{'start': 105, 'end': 114, 'tag': 'BarrLied'}, {'start': 115, 'end': 127, 'tag': 'barrhearing'}]}",2019-05-02T04:54:03.000Z,"RT @AynRandPaulRyan: Thank you, @atrupar! 

Lindsey Graham saying ""Trump is a fucking idiot"" on loop.ü§£ü§£ü§£
#BarrLied #barrhearing #wednesdayw‚Ä¶",['1123812875699728384'],"{'retweet_count': 1318, 'reply_count': 0, 'like_count': 0, 'quote_count': 0, 'impression_count': 0}",1123812875699728384
"{'annotations': [{'start': 27, 'end': 31, 'probability': 0.9669, 'type': 'Person', 'normalized_text': 'Trump'}, {'start': 80, 'end': 86, 'probability': 0.481, 'type': 'Other', 'normalized_text': 'tycoons'}, {'start': 102, 'end': 110, 'probability': 0.8317, 'type': 'Other', 'normalized_text': 'Hollywood'}], 'mentions': [{'start': 3, 'end': 14, 'username': 'RStarovich', 'id': '536305079'}, {'start': 16, 'end': 26, 'username': 'B52Malmet', 'id': '2876041031'}]}",2019-05-10T21:03:28.000Z,"RT @RStarovich: @B52Malmet Trump fits in nowhere. He is too stupid for business tycoons, to crass for Hollywood, too ignorant for democrati‚Ä¶",['1126955940316680193'],"{'retweet_count': 19, 'reply_count': 0, 'like_count': 0, 'quote_count': 0, 'impression_count': 0}",1126955940316680193
"{'annotations': [{'start': 0, 'end': 3, 'probability': 0.686, 'type': 'Person', 'normalized_text': 'Barr'}]}",2019-05-01T15:16:38.000Z,Barr should be locked up right now for obstructing justice bring the marshals in the room and lock his ass up,['1123607166080909312'],"{'retweet_count': 0, 'reply_count': 0, 'like_count': 0, 'quote_count': 0, 'impression_count': 0}",1123607166080909312
"{'annotations': [{'start': 14, 'end': 18, 'probability': 0.9007, 'type': 'Person', 'normalized_text': 'CHRIS'}], 'urls': [{'start': 20, 'end': 43, 'url': 'https://t.co/7mFcg2jZjx', 'expanded_url': 'https://twitter.com/Crashisimmortal/status/1126915187699867651', 'display_url': 'twitter.com/Crashisimmorta‚Ä¶'}]}",2019-05-10T18:22:19.000Z,"Yeh, FUCK YOU CHRIS https://t.co/7mFcg2jZjx",['1126915385595498496'],"{'retweet_count': 0, 'reply_count': 0, 'like_count': 1, 'quote_count': 0, 'impression_count': 0}",1126915385595498496
"{'mentions': [{'start': 0, 'end': 16, 'username': 'realDonaldTrump', 'id': '25073877'}]}",2019-05-10T12:50:10.000Z,"@realDonaldTrump You are vile, evil, criminal, a cheat, a fraud, a liar, a fool. You are corrupt, you are unfit, you are unqualifed, you are a con. You spead hate &amp; fear. You are no presidential, you are a disgrace to the office. You are a danger to the country.",['1126831797336252416'],"{'retweet_count': 0, 'reply_count': 0, 'like_count': 0, 'quote_count': 0, 'impression_count': 0}",1126831797336252416
"{'annotations': [{'start': 13, 'end': 27, 'probability': 0.9737, 'type': 'Person', 'normalized_text': 'Jamie Lannister'}, {'start': 116, 'end': 128, 'probability': 0.9116, 'type': 'Other', 'normalized_text': 'GameOfThrones'}], 'hashtags': [{'start': 115, 'end': 129, 'tag': 'GameOfThrones'}], 'mentions': [{'start': 3, 'end': 11, 'username': 'KJLEED2', 'id': '205870233'}]}",2019-05-20T03:28:35.000Z,"RT @KJLEED2: Jamie Lannister, he is the nastiest skank bitch I have ever met. Do not trust him, he is a fugly slut.#GameOfThrones https://t‚Ä¶",['1130314348923113474'],"{'retweet_count': 2426, 'reply_count': 0, 'like_count': 0, 'quote_count': 0, 'impression_count': 0}",1130314348923113474
"{'mentions': [{'start': 0, 'end': 14, 'username': 'CharleneWhite', 'id': '46017944'}]}",2019-05-10T18:02:55.000Z,@CharleneWhite He could have cut off his own hand to show how sorry he was &amp; it would not have made a blind bit of difference. Once the mob smelt blood his fate was sealed.,['1126910503459196928'],"{'retweet_count': 0, 'reply_count': 1, 'like_count': 1, 'quote_count': 0, 'impression_count': 0}",1126910503459196928
"{'mentions': [{'start': 0, 'end': 7, 'username': 'XDevul', 'id': '1248788855521763328'}]}",2019-05-02T04:33:30.000Z,@xdevul What a piece of shit is filming that instead of helping,['1123807704147951617'],"{'retweet_count': 0, 'reply_count': 1, 'like_count': 1, 'quote_count': 0, 'impression_count': 0}",1123807704147951617
"{'annotations': [{'start': 36, 'end': 41, 'probability': 0.9644, 'type': 'Person', 'normalized_text': 'Ariana'}], 'urls': [{'start': 76, 'end': 99, 'url': 'https://t.co/sEdsJM8hOT', 'expanded_url': 'https://t.co/sEdsJM8hOT', 'display_url': 't.co/sEdsJM8hOT'}]}",2019-05-20T05:47:50.000Z,This album proved to the world that Ariana is a bad bitch and is THAT bitch https://t.co/sEdsJM8hOT,['1130349392303656962'],"{'retweet_count': 0, 'reply_count': 0, 'like_count': 4, 'quote_count': 0, 'impression_count': 0}",1130349392303656962
"{'mentions': [{'start': 3, 'end': 12, 'username': 'sddphoto', 'id': '1598812760'}], 'urls': [{'start': 92, 'end': 115, 'url': 'https://t.co/tpMRW4D6zD', 'expanded_url': 'https://twitter.com/nevermore_007/status/1126968153559457793', 'display_url': 'twitter.com/nevermore_007/‚Ä¶'}]}",2019-05-10T22:44:52.000Z,RT @sddphoto: He‚Äôs such an ass -I‚Äôd rather sleep flat on my bed than use any of his pillows https://t.co/tpMRW4D6zD,['1126981458495713281'],"{'retweet_count': 2, 'reply_count': 0, 'like_count': 0, 'quote_count': 0, 'impression_count': 0}",1126981458495713281
"{'mentions': [{'start': 0, 'end': 8, 'username': 'Cody_Qu', 'id': '2794260220'}, {'start': 9, 'end': 21, 'username': 'TATIANNANOW', 'id': '63652756'}, {'start': 22, 'end': 38, 'username': 'AlyssaEdwards_1', 'id': '944835650'}]}",2019-05-11T03:12:19.000Z,@Cody_Qu @TATIANNANOW @AlyssaEdwards_1 That‚Äôs my Bitchü§™ü§™,['1127048764487761921'],"{'retweet_count': 0, 'reply_count': 0, 'like_count': 1, 'quote_count': 0, 'impression_count': 0}",1127048764487761921
"{'mentions': [{'start': 0, 'end': 6, 'username': 'nbstv', 'id': '344718893'}]}",2019-05-01T18:35:47.000Z,"@nbstv Idiotic MPs,they go to hell",['1123657283832045568'],"{'retweet_count': 0, 'reply_count': 0, 'like_count': 0, 'quote_count': 0, 'impression_count': 0}",1123657283832045568
"{'mentions': [{'start': 0, 'end': 16, 'username': 'realDonaldTrump', 'id': '25073877'}]}",2019-05-01T12:35:10.000Z,"@realDonaldTrump Seems like a trend for presidents to do nothing, huh big orange?",['1123566531668074498'],"{'retweet_count': 0, 'reply_count': 0, 'like_count': 0, 'quote_count': 0, 'impression_count': 0}",1123566531668074498
"{'mentions': [{'start': 3, 'end': 19, 'username': 'ScarletteHarlet', 'id': '1327273285109747713'}], 'urls': [{'start': 114, 'end': 137, 'url': 'https://t.co/0WtRqDAHgJ', 'expanded_url': 'https://onlyfans.com/4146112/scarletteharlet', 'display_url': 'onlyfans.com/4146112/scarle‚Ä¶'}]}",2019-05-01T17:10:57.000Z,"RT @ScarletteHarlet: 15 minute B/G vid I promised including a good suck and fuck in so many different Angles ü§§ü§§ü§§

https://t.co/0WtRqDAHgJ",['1123635934820478976'],"{'retweet_count': 13, 'reply_count': 0, 'like_count': 0, 'quote_count': 0, 'impression_count': 0}",1123635934820478976
"{'annotations': [{'start': 18, 'end': 23, 'probability': 0.594, 'type': 'Other', 'normalized_text': 'Drogon'}], 'mentions': [{'start': 3, 'end': 16, 'username': 'ShezusChrist', 'id': '208945635'}]}",2019-05-20T04:43:56.000Z,RT @ShezusChrist: Drogon has had the worst szn ever. This nigga brothers died now this. My mans mental health is in shambles,['1130333311367286785'],"{'retweet_count': 142, 'reply_count': 0, 'like_count': 0, 'quote_count': 0, 'impression_count': 0}",1130333311367286785
,2019-05-10T19:48:44.000Z,@MrBeastYT You know what that‚Äôs okay I respect you dumb fucking disease of an opinion.,['1126937133070024704'],"{'retweet_count': 0, 'reply_count': 0, 'like_count': 0, 'quote_count': 0, 'impression_count': 0}",1126937133070024704
"{'annotations': [{'start': 141, 'end': 144, 'probability': 0.8666, 'type': 'Place', 'normalized_text': 'Iran'}], 'urls': [{'start': 278, 'end': 301, 'url': 'https://t.co/AEt5W2zv5l', 'expanded_url': 'https://twitter.com/MrsShy11/status/1126724587553558531', 'display_url': 'twitter.com/MrsShy11/statu‚Ä¶'}]}",2019-05-10T23:06:32.000Z,"LOL, the dems have jumped into bed with the alphabet people. They and the dems jumped into bed with islam. But hey, homos fly in places like Iran. Right off rooftops, how moronic is that?
Then they demand socialism so, everyone is equal. Too silly to see, we'd be equally poor! https://t.co/AEt5W2zv5l",['1126986911061508096'],"{'retweet_count': 0, 'reply_count': 0, 'like_count': 0, 'quote_count': 0, 'impression_count': 0}",1126986911061508096
"{'urls': [{'start': 95, 'end': 118, 'url': 'https://t.co/yog1LxyvBY', 'expanded_url': 'https://twitter.com/90sshane/status/1123195436452470784/video/1', 'display_url': 'pic.twitter.com/yog1LxyvBY', 'media_key': '7_1123194995400376320'}]}",2019-05-01T21:38:26.000Z,"RT @90sshane: How u gon say pissy pamper trash, my damn dog turnin up to that shit u bitch boi https://t.co/yog1LxyvBY",['1123703249176076288'],"{'retweet_count': 1510, 'reply_count': 0, 'like_count': 0, 'quote_count': 0, 'impression_count': 0}",1123703249176076288
"{'annotations': [{'start': 0, 'end': 13, 'probability': 0.9277, 'type': 'Person', 'normalized_text': 'Johnny Joestar'}]}",2019-05-01T09:19:18.000Z,"Johnny Joestar, you son of a bitch!",['1123517240219918336'],"{'retweet_count': 0, 'reply_count': 0, 'like_count': 0, 'quote_count': 0, 'impression_count': 0}",1123517240219918336
"{'mentions': [{'start': 14, 'end': 22, 'username': 'darcar4', 'id': '1394398477719855106'}, {'start': 23, 'end': 30, 'username': 'ReeseW', 'id': '1198406491'}, {'start': 31, 'end': 37, 'username': 'PPact', 'id': '22162854'}, {'start': 38, 'end': 43, 'username': 'ACLU', 'id': '13393052'}]}",2019-05-19T09:44:47.000Z,"@SamarasBritt @Darcar4 @ReeseW @PPact @ACLU Well, she‚Äôs probably too busy railing against entitlements and freeloaders to worry about kids that exist.",['1130046634883108864'],"{'retweet_count': 0, 'reply_count': 0, 'like_count': 2, 'quote_count': 0, 'impression_count': 0}",1130046634883108864
"{'annotations': [{'start': 51, 'end': 55, 'probability': 0.9568, 'type': 'Person', 'normalized_text': 'Trump'}, {'start': 94, 'end': 102, 'probability': 0.829, 'type': 'Person', 'normalized_text': 'TrumpLies'}], 'hashtags': [{'start': 93, 'end': 103, 'tag': 'TrumpLies'}], 'mentions': [{'start': 3, 'end': 14, 'username': 'LadyRaven3', 'id': '467159368'}, {'start': 16, 'end': 31, 'username': 'ForeverLogical', 'id': '4809408511'}, {'start': 32, 'end': 40, 'username': 'michi83', 'id': '1438141071435894792'}]}",2019-05-02T02:36:33.000Z,"RT @LadyRaven3: @ForeverLogical @michi83 .
Typical Trump. He‚Äôs a conman &amp; liar. 

Proven #TrumpLies in excess of 10,111 in 2.25 years. üò≥‚Ä¶",['1123778272704200709'],"{'retweet_count': 2, 'reply_count': 0, 'like_count': 0, 'quote_count': 0, 'impression_count': 0}",1123778272704200709
,2019-05-01T21:58:08.000Z,She's a half an hour fucking late I'm pissed,['1123708206843355137'],"{'retweet_count': 0, 'reply_count': 0, 'like_count': 0, 'quote_count': 0, 'impression_count': 0}",1123708206843355137
"{'annotations': [{'start': 24, 'end': 30, 'probability': 0.4988, 'type': 'Other', 'normalized_text': 'Lindsey'}], 'mentions': [{'start': 3, 'end': 14, 'username': 'Incatnito1', 'id': '912179231253135361'}, {'start': 16, 'end': 23, 'username': 'dcpoll', 'id': '22929686'}]}",2019-05-01T21:36:47.000Z,"RT @Incatnito1: @dcpoll Lindsey, it‚Äôs not over until the fat lady sings! But you probably don‚Äôt know any, fat or otherwise!",['1123702833939931139'],"{'retweet_count': 1, 'reply_count': 0, 'like_count': 0, 'quote_count': 0, 'impression_count': 0}",1123702833939931139
"{'annotations': [{'start': 31, 'end': 38, 'probability': 0.5713, 'type': 'Other', 'normalized_text': 'columbus'}], 'mentions': [{'start': 3, 'end': 16, 'username': 'swanksdaleon', 'id': '3188951077'}]}",2019-05-10T20:15:09.000Z,RT @swanksdaleon: quit blaming columbus for your clown ass personality traits lol the quality of your life won‚Äôt improve in another city ca‚Ä¶,['1126943781062959104'],"{'retweet_count': 24, 'reply_count': 0, 'like_count': 0, 'quote_count': 0, 'impression_count': 0}",1126943781062959104
"{'mentions': [{'start': 0, 'end': 10, 'username': 'chutinona', 'id': '340145307'}]}",2019-05-01T09:54:31.000Z,@chutinona The worst thing is there‚Äôre counterfeits. You could actually die üòï I don‚Äôt trust wow üòú,['1123526102780014594'],"{'retweet_count': 0, 'reply_count': 0, 'like_count': 0, 'quote_count': 0, 'impression_count': 0}",1123526102780014594
"{'mentions': [{'start': 0, 'end': 16, 'username': 'rosaliecastardo', 'id': '172151854'}, {'start': 17, 'end': 26, 'username': 'warriors', 'id': '26270913'}]}",2019-05-11T01:29:03.000Z,@rosaliecastardo @warriors He is so stupid,['1127022776555048962'],"{'retweet_count': 0, 'reply_count': 0, 'like_count': 0, 'quote_count': 0, 'impression_count': 0}",1127022776555048962
"{'annotations': [{'start': 41, 'end': 45, 'probability': 0.4457, 'type': 'Person', 'normalized_text': 'JORAH'}], 'urls': [{'start': 47, 'end': 70, 'url': 'https://t.co/jnT4QZGqAM', 'expanded_url': 'https://twitter.com/JoeMurph/status/1126914759557775360', 'display_url': 'twitter.com/JoeMurph/statu‚Ä¶'}]}",2019-05-10T19:30:10.000Z,HOW THE FUCK ARE YOU GONNA NAME YOUR KID JORAH https://t.co/jnT4QZGqAM,['1126932460640534530'],"{'retweet_count': 8, 'reply_count': 10, 'like_count': 40, 'quote_count': 2, 'impression_count': 0}",1126932460640534530
"{'mentions': [{'start': 3, 'end': 11, 'username': '__leshh', 'id': '46922976'}]}",2019-05-01T19:07:01.000Z,RT @__leshh: I been laughing at this shit for the past 20 minutes üòÇüòÇüòÇthis nigga just knew he was bouta die. It was all in his face https://‚Ä¶,['1123665143936704512'],"{'retweet_count': 6101, 'reply_count': 0, 'like_count': 0, 'quote_count': 0, 'impression_count': 0}",1123665143936704512
"{'mentions': [{'start': 3, 'end': 7, 'username': 's8n', 'id': '13615722'}]}",2019-05-19T12:07:48.000Z,RT @s8n: Get out of church you traitors,['1130082626205835264'],"{'retweet_count': 977, 'reply_count': 0, 'like_count': 0, 'quote_count': 0, 'impression_count': 0}",1130082626205835264
"{'annotations': [{'start': 15, 'end': 19, 'probability': 0.491, 'type': 'Person', 'normalized_text': 'Kawhi'}]}",2019-05-20T02:13:43.000Z,They gone kill Kawhi!!! He dead ass tired,['1130295508109615104'],"{'retweet_count': 0, 'reply_count': 0, 'like_count': 0, 'quote_count': 0, 'impression_count': 0}",1130295508109615104
"{'mentions': [{'start': 0, 'end': 12, 'username': 'lukeoneil47', 'id': '108338399'}, {'start': 13, 'end': 25, 'username': 'IvankaTrump', 'id': '52544275'}]}",2019-05-10T23:02:41.000Z,@lukeoneil47 @IvankaTrump dumbass.  No clue regarding government.  Just daddies pet,['1126985942173147136'],"{'retweet_count': 0, 'reply_count': 0, 'like_count': 1, 'quote_count': 0, 'impression_count': 0}",1126985942173147136
"{'annotations': [{'start': 121, 'end': 135, 'probability': 0.7607, 'type': 'Other', 'normalized_text': 'TheBiggestLoser'}], 'hashtags': [{'start': 120, 'end': 136, 'tag': 'TheBiggestLoser'}], 'mentions': [{'start': 0, 'end': 16, 'username': 'realDonaldTrump', 'id': '25073877'}, {'start': 17, 'end': 32, 'username': 'MariaBartiromo', 'id': '208155240'}]}",2019-05-11T03:11:21.000Z,@realDonaldTrump @MariaBartiromo I can't figure out why anyone would trust  the loser that lost over a billion dollars  #TheBiggestLoser,['1127048521209786374'],"{'retweet_count': 0, 'reply_count': 0, 'like_count': 2, 'quote_count': 0, 'impression_count': 0}",1127048521209786374
"{'mentions': [{'start': 3, 'end': 13, 'username': 'IBJIYONGI', 'id': '14981648'}, {'start': 19, 'end': 32, 'username': 'NatashaTynes', 'id': '11805932'}], 'urls': [{'start': 57, 'end': 80, 'url': 'https://t.co/cOsRcSlv5J', 'expanded_url': 'https://twitter.com/IBJIYONGI/status/1126845176486539265/photo/1', 'display_url': 'pic.twitter.com/cOsRcSlv5J', 'media_key': '3_1126845165581283328'}, {'start': 57, 'end': 80, 'url': 'https://t.co/cOsRcSlv5J', 'expanded_url': 'https://twitter.com/IBJIYONGI/status/1126845176486539265/photo/1', 'display_url': 'pic.twitter.com/cOsRcSlv5J', 'media_key': '3_1126845165614841856'}]}",2019-05-10T20:38:02.000Z,RT @IBJIYONGI: Wow @NatashaTynes you‚Äôre a fucking snitch https://t.co/cOsRcSlv5J,['1126949539821359105'],"{'retweet_count': 8079, 'reply_count': 0, 'like_count': 0, 'quote_count': 0, 'impression_count': 0}",1126949539821359105
"{'annotations': [{'start': 84, 'end': 87, 'probability': 0.5168, 'type': 'Person', 'normalized_text': 'Hans'}, {'start': 156, 'end': 161, 'probability': 0.5397, 'type': 'Other', 'normalized_text': 'Caster'}]}",2019-05-01T15:54:14.000Z,"@Andersen_Says *She nodded and smiled. A thousand words through a smile. People say Hans was stubborn, foul, mean-spirited... But perhaps the violet-haired Caster saw it differently...

Through the eyes of both wonder and color...*",['1123616628447383554'],"{'retweet_count': 0, 'reply_count': 0, 'like_count': 0, 'quote_count': 0, 'impression_count': 0}",1123616628447383554
"{'annotations': [{'start': 17, 'end': 20, 'probability': 0.2598, 'type': 'Person', 'normalized_text': 'Liar'}], 'hashtags': [{'start': 0, 'end': 11, 'tag': 'BarrResign'}]}",2019-05-01T11:34:12.000Z,#BarrResign Liar Liar you should be fired but the President is a weenie and a meanie,['1123551188878753792'],"{'retweet_count': 0, 'reply_count': 0, 'like_count': 1, 'quote_count': 1, 'impression_count': 0}",1123551188878753792
"{'mentions': [{'start': 0, 'end': 8, 'username': 'YanSlay', 'id': '711501926'}]}",2019-05-10T18:10:06.000Z,@YanSlay Lmfao you‚Äôre a loser!!,['1126912311191580672'],"{'retweet_count': 0, 'reply_count': 1, 'like_count': 1, 'quote_count': 0, 'impression_count': 0}",1126912311191580672
"{'mentions': [{'start': 17, 'end': 32, 'username': 'daniellafrella', 'id': '596407236'}]}",2019-05-11T02:12:00.000Z,"Me: I smell weed
@daniellafrella : You‚Äôre like a drug dog",['1127033585310011394'],"{'retweet_count': 2, 'reply_count': 0, 'like_count': 1, 'quote_count': 0, 'impression_count': 0}",1127033585310011394
"{'annotations': [{'start': 59, 'end': 63, 'probability': 0.9731, 'type': 'Person', 'normalized_text': 'Trump'}], 'mentions': [{'start': 0, 'end': 16, 'username': 'realDonaldTrump', 'id': '25073877'}, {'start': 17, 'end': 29, 'username': 'justinamash', 'id': '233842454'}]}",2019-05-19T14:21:03.000Z,@realDonaldTrump @justinamash His motive is to run against Trump. What moron!,['1130116159674683393'],"{'retweet_count': 0, 'reply_count': 0, 'like_count': 0, 'quote_count': 0, 'impression_count': 0}",1130116159674683393
,2019-05-19T21:07:11.000Z,@DemonLomoLatile As in üòÜ üòÜ. Some people need deliverance,['1130218366457790466'],"{'retweet_count': 0, 'reply_count': 0, 'like_count': 0, 'quote_count': 0, 'impression_count': 0}",1130218366457790466
"{'urls': [{'start': 59, 'end': 82, 'url': 'https://t.co/94SQkkXgdX', 'expanded_url': 'https://twitter.com/CFDA/status/1125576413904625664', 'display_url': 'twitter.com/CFDA/status/11‚Ä¶'}]}",2019-05-10T11:13:05.000Z,Does anyone else not think she was the worst dressed ?ü•¥ü•¥ü•¥ü•¥ https://t.co/94SQkkXgdX,['1126807365507010560'],"{'retweet_count': 0, 'reply_count': 0, 'like_count': 2, 'quote_count': 0, 'impression_count': 0}",1126807365507010560
"{'mentions': [{'start': 0, 'end': 14, 'username': 'Can2geterdone', 'id': '719662077934243840'}, {'start': 15, 'end': 21, 'username': 'POTUS', 'id': '1349149096909668363'}]}",2019-05-02T04:20:27.000Z,@Can2geterdone @POTUS He definitely is no judge! Just a mouth piece!,['1123804420003831813'],"{'retweet_count': 0, 'reply_count': 0, 'like_count': 2, 'quote_count': 0, 'impression_count': 0}",1123804420003831813
"{'mentions': [{'start': 0, 'end': 14, 'username': 'Alyssa_Milano', 'id': '26642006'}, {'start': 15, 'end': 26, 'username': 'benshapiro', 'id': '17995040'}]}",2019-05-10T23:47:36.000Z,"@Alyssa_Milano @benshapiro He couldn‚Äôt have come off like more of a terrified, whiny little baby if he tried!",['1126997245847584768'],"{'retweet_count': 0, 'reply_count': 0, 'like_count': 2, 'quote_count': 0, 'impression_count': 0}",1126997245847584768
"{'annotations': [{'start': 0, 'end': 3, 'probability': 0.5884, 'type': 'Other', 'normalized_text': 'Dany'}, {'start': 72, 'end': 74, 'probability': 0.5088, 'type': 'Person', 'normalized_text': 'Jon'}]}",2019-05-19T14:19:41.000Z,Dany is a dirty bitch. And she is going to kill everyone who knows that Jon is the rightful heir.,['1130115815737561095'],"{'retweet_count': 0, 'reply_count': 0, 'like_count': 0, 'quote_count': 0, 'impression_count': 0}",1130115815737561095
"{'mentions': [{'start': 0, 'end': 12, 'username': 'TCBrissette', 'id': '127124336'}]}",2019-05-02T03:21:57.000Z,@TCBrissette Because the refs do suck. They are pathetic actually,['1123789698005110784'],"{'retweet_count': 0, 'reply_count': 1, 'like_count': 0, 'quote_count': 0, 'impression_count': 0}",1123789698005110784
,2019-05-11T02:52:38.000Z,Niggas be like I never worked a 9 to 5 Well shit when y‚Äôall hiring cause I‚Äôm tryna have the wonder bread to,['1127043811006394369'],"{'retweet_count': 0, 'reply_count': 0, 'like_count': 0, 'quote_count': 0, 'impression_count': 0}",1127043811006394369
"{'annotations': [{'start': 13, 'end': 16, 'probability': 0.9112, 'type': 'Person', 'normalized_text': 'Omar'}], 'mentions': [{'start': 0, 'end': 12, 'username': 'DailyCaller', 'id': '39308549'}]}",2019-05-02T00:55:39.000Z,@DailyCaller Omar is a terrorist.,['1123752880392089600'],"{'retweet_count': 0, 'reply_count': 0, 'like_count': 0, 'quote_count': 0, 'impression_count': 0}",1123752880392089600
"{'annotations': [{'start': 59, 'end': 63, 'probability': 0.4964, 'type': 'Other', 'normalized_text': 'Thors'}], 'mentions': [{'start': 0, 'end': 16, 'username': 'TheOnlyCleoLuna', 'id': '516898722'}]}",2019-05-01T12:24:53.000Z,@TheOnlyCleoLuna All we know is they're idiots the size of Thors stomach üôà,['1123563943782428672'],"{'retweet_count': 0, 'reply_count': 1, 'like_count': 0, 'quote_count': 0, 'impression_count': 0}",1123563943782428672
"{'annotations': [{'start': 21, 'end': 30, 'probability': 0.6342, 'type': 'Person', 'normalized_text': 'arya finna'}, {'start': 49, 'end': 55, 'probability': 0.5685, 'type': 'Other', 'normalized_text': 'america'}], 'mentions': [{'start': 3, 'end': 19, 'username': 'DemetriusHarmon', 'id': '3105826730'}]}",2019-05-20T02:23:22.000Z,RT @DemetriusHarmon: arya finna fucking discover america,['1130297936582205441'],"{'retweet_count': 22715, 'reply_count': 0, 'like_count': 0, 'quote_count': 0, 'impression_count': 0}",1130297936582205441
"{'mentions': [{'start': 0, 'end': 10, 'username': 'rumbunter', 'id': '45261799'}]}",2019-05-11T02:19:35.000Z,@rumbunter They activated the perpetual horseshoe up their ass this inning,['1127035493680594944'],"{'retweet_count': 0, 'reply_count': 0, 'like_count': 0, 'quote_count': 0, 'impression_count': 0}",1127035493680594944
"{'annotations': [{'start': 12, 'end': 17, 'probability': 0.5665, 'type': 'Other', 'normalized_text': 'Boners'}], 'mentions': [{'start': 0, 'end': 11, 'username': 'lilbabyfae', 'id': '1066857497665908741'}]}",2019-05-01T15:40:57.000Z,@lilbabyfae Boners for days when you two get together.,['1123613285570568192'],"{'retweet_count': 0, 'reply_count': 0, 'like_count': 1, 'quote_count': 0, 'impression_count': 0}",1123613285570568192
"{'mentions': [{'start': 3, 'end': 16, 'username': 'pattonoswalt', 'id': '139162440'}, {'start': 37, 'end': 43, 'username': 'Chase', 'id': '274673392'}], 'urls': [{'start': 50, 'end': 73, 'url': 'https://t.co/em2QfmR2QW', 'expanded_url': 'https://twitter.com/Public_Citizen/status/1122932243742318593', 'display_url': 'twitter.com/Public_Citizen‚Ä¶'}]}",2019-05-01T15:44:25.000Z,RT @pattonoswalt: Oh my God fuck you @Chase bank. https://t.co/em2QfmR2QW,['1123614157981413377'],"{'retweet_count': 9901, 'reply_count': 0, 'like_count': 0, 'quote_count': 0, 'impression_count': 0}",1123614157981413377
"{'annotations': [{'start': 69, 'end': 74, 'probability': 0.7206, 'type': 'Person', 'normalized_text': 'Batman'}, {'start': 125, 'end': 139, 'probability': 0.9586, 'type': 'Other', 'normalized_text': 'Game of Thrones'}]}",2019-05-19T20:51:17.000Z,"Just to sum up this week, nobody gives a fuck who you think the next Batman should be, that you haven't liked this season of Game of Thrones, or if you are against abortion because of religious reasons.",['1130214365087576064'],"{'retweet_count': 0, 'reply_count': 0, 'like_count': 5, 'quote_count': 0, 'impression_count': 0}",1130214365087576064
"{'mentions': [{'start': 0, 'end': 11, 'username': 'KayceSmith', 'id': '804838676'}, {'start': 12, 'end': 25, 'username': 'TylerStroud2', 'id': '1458283260363034626'}]}",2019-05-20T02:43:22.000Z,@KayceSmith @TylerStroud2 These feminists got to stop with this Dany shit,['1130302969768042497'],"{'retweet_count': 0, 'reply_count': 0, 'like_count': 0, 'quote_count': 0, 'impression_count': 0}",1130302969768042497
"{'annotations': [{'start': 21, 'end': 34, 'probability': 0.9518, 'type': 'Person', 'normalized_text': 'Lindsey Graham'}, {'start': 55, 'end': 60, 'probability': 0.3189, 'type': 'Other', 'normalized_text': 'Strzok'}, {'start': 83, 'end': 87, 'probability': 0.9428, 'type': 'Person', 'normalized_text': 'Trump'}], 'mentions': [{'start': 3, 'end': 19, 'username': 'AynRandPaulRyan', 'id': '755835576'}]}",2019-05-01T18:59:27.000Z,RT @AynRandPaulRyan: Lindsey Graham just read from the Strzok-Page text messages: ‚ÄúTrump is a fucking idiot‚Äù on national television in fron‚Ä¶,['1123663239735402501'],"{'retweet_count': 1420, 'reply_count': 0, 'like_count': 0, 'quote_count': 0, 'impression_count': 0}",1123663239735402501
"{'mentions': [{'start': 0, 'end': 9, 'username': 'RandPaul', 'id': '216881337'}]}",2019-05-10T18:08:29.000Z,@RandPaul Traitor,['1126911904322949120'],"{'retweet_count': 0, 'reply_count': 0, 'like_count': 0, 'quote_count': 0, 'impression_count': 0}",1126911904322949120
"{'urls': [{'start': 123, 'end': 146, 'url': 'https://t.co/YKMpTC7BRX', 'expanded_url': 'https://twitter.com/dorsycarts/status/1126748376760905728', 'display_url': 'twitter.com/dorsycarts/sta‚Ä¶'}]}",2019-05-10T08:29:47.000Z,"Okay, taetards think that I support this shit lol idiots indeed. Feel free to go over my profile para hindi kayo assuming. https://t.co/YKMpTC7BRX",['1126766269699461122'],"{'retweet_count': 0, 'reply_count': 0, 'like_count': 0, 'quote_count': 0, 'impression_count': 0}",1126766269699461122
,2019-05-11T00:52:33.000Z,RT @BIGBOSSTUNNA: I‚Äôm at a place in my life where.. all y‚Äôall can kiss my ass.üòÇüòÇ,['1127013591041957888'],"{'retweet_count': 13384, 'reply_count': 0, 'like_count': 0, 'quote_count': 0, 'impression_count': 0}",1127013591041957888
"{'annotations': [{'start': 0, 'end': 9, 'probability': 0.6721, 'type': 'Other', 'normalized_text': 'Blumenthal'}], 'urls': [{'start': 65, 'end': 88, 'url': 'https://t.co/nNBwI0ijy5', 'expanded_url': 'https://twitter.com/ABC/status/1123647693752897537', 'display_url': 'twitter.com/ABC/status/112‚Ä¶'}]}",2019-05-01T18:00:11.000Z,Blumenthal is a blooming idiot! Never understood a word he said! https://t.co/nNBwI0ijy5,['1123648324765134848'],"{'retweet_count': 0, 'reply_count': 0, 'like_count': 0, 'quote_count': 0, 'impression_count': 0}",1123648324765134848
,2019-05-10T22:17:53.000Z,Yal Ever Had A Ex You Just Wish You Never Talked Too üòÇüöÆ Like Bitch Die!üñïüèΩüò¥,['1126974667917615105'],"{'retweet_count': 0, 'reply_count': 0, 'like_count': 0, 'quote_count': 0, 'impression_count': 0}",1126974667917615105
"{'mentions': [{'start': 3, 'end': 12, 'username': 'BasedNas', 'id': '159639857'}]}",2019-05-01T12:12:56.000Z,RT @BasedNas: Telling me ‚Äúawww thanks‚Äù after a compliment is = to saying ‚Äúboy gtf ugly ass ashy ass nigga‚Äù,['1123560936466472961'],"{'retweet_count': 42, 'reply_count': 0, 'like_count': 0, 'quote_count': 0, 'impression_count': 0}",1123560936466472961
"{'mentions': [{'start': 0, 'end': 12, 'username': 'BradSherman', 'id': '30216513'}], 'urls': [{'start': 71, 'end': 94, 'url': 'https://t.co/Iow8Htkoxm', 'expanded_url': 'https://twitter.com/CryptoTaxInfo/status/1019775460245491713', 'display_url': 'twitter.com/CryptoTaxInfo/‚Ä¶'}]}",2019-05-10T11:52:06.000Z,@BradSherman And in case you forgot you're a genuinely terrible person https://t.co/Iow8Htkoxm,['1126817184376872961'],"{'retweet_count': 0, 'reply_count': 0, 'like_count': 0, 'quote_count': 0, 'impression_count': 0}",1126817184376872961
,2019-05-01T16:53:17.000Z,‚Äúyou worried about the president he aint worried about you!‚Äù- some man walking around on the sidewalk w a microphone &amp; speaker,['1123631488854036481'],"{'retweet_count': 0, 'reply_count': 0, 'like_count': 5, 'quote_count': 0, 'impression_count': 0}",1123631488854036481
"{'annotations': [{'start': 24, 'end': 28, 'probability': 0.3879, 'type': 'Other', 'normalized_text': 'MORON'}], 'hashtags': [{'start': 227, 'end': 230, 'tag': 'RT'}], 'mentions': [{'start': 34, 'end': 50, 'username': 'realDonaldTrump', 'id': '25073877'}, {'start': 231, 'end': 242, 'username': 'gtconway3d', 'id': '471677441'}, {'start': 243, 'end': 256, 'username': 'DebraMessing', 'id': '499073990'}, {'start': 257, 'end': 271, 'username': 'TheRickWilson', 'id': '19084896'}], 'urls': [{'start': 272, 'end': 295, 'url': 'https://t.co/Ranwcc5f2w', 'expanded_url': 'https://twitter.com/realDonaldTrump/status/1126815126584266753', 'display_url': 'twitter.com/realDonaldTrum‚Ä¶'}]}",2019-05-10T17:49:59.000Z,YOU TRULY ARE A F**KING MORON! .. @realDonaldTrump ..SIMPLY CLUELESS AS TO HOW TARIFFS WORK! ü§Øü§Øüò°üò° NO WONDER YOU LOST A BILLION DOLLARS IN 10 YEARS!..TO BECOME THE NATION‚ÄôS BIGGEST LOSER!  DADDY FRED KNEW YOU WHERE A IDIOT! ü§£ü§£ü§£ #RT @gtconway3d @DebraMessing @TheRickWilson https://t.co/Ranwcc5f2w,['1126907248641486848'],"{'retweet_count': 0, 'reply_count': 0, 'like_count': 0, 'quote_count': 0, 'impression_count': 0}",1126907248641486848
"{'annotations': [{'start': 63, 'end': 74, 'probability': 0.4028, 'type': 'Person', 'normalized_text': 'ForeverYoung'}], 'hashtags': [{'start': 62, 'end': 75, 'tag': 'ForeverYoung'}], 'mentions': [{'start': 3, 'end': 17, 'username': 'peacebeyondme', 'id': '821775510028095489'}]}",2019-05-10T21:14:46.000Z,RT @peacebeyondme: I plan on hosting my very own one-man show #ForeverYoung this year for all the people who fuck with me &amp; my music. üôèüèæ I‚Äô‚Ä¶,['1126958784092545024'],"{'retweet_count': 193, 'reply_count': 0, 'like_count': 0, 'quote_count': 0, 'impression_count': 0}",1126958784092545024
,2019-05-19T12:02:14.000Z,People get thick confused with fat. Alot of y‚Äôall not thick mfers out here getting big asf üò≠ I cannot.,['1130081225291587584'],"{'retweet_count': 1, 'reply_count': 0, 'like_count': 0, 'quote_count': 0, 'impression_count': 0}",1130081225291587584
"{'mentions': [{'start': 3, 'end': 13, 'username': 'stasiaxo_', 'id': '2508765144'}]}",2019-05-19T22:40:19.000Z,RT @stasiaxo_: Its sad af when bitches joke about their abortions. Just trifling as fuck.,['1130241804245143552'],"{'retweet_count': 3, 'reply_count': 0, 'like_count': 0, 'quote_count': 0, 'impression_count': 0}",1130241804245143552
"{'mentions': [{'start': 0, 'end': 10, 'username': 'EricTrump', 'id': '39349894'}, {'start': 11, 'end': 27, 'username': 'realDonaldTrump', 'id': '25073877'}, {'start': 28, 'end': 32, 'username': 'CNN', 'id': '759251'}]}",2019-05-02T00:55:51.000Z,@EricTrump @realDonaldTrump @CNN You are such an idiot. No words for this tweet.,['1123752930706886656'],"{'retweet_count': 0, 'reply_count': 0, 'like_count': 0, 'quote_count': 0, 'impression_count': 0}",1123752930706886656
,2019-05-02T04:34:20.000Z,Fuckin annoyed asf. Idk how people that do the bare fuckin minimum get mad at ppl that actually do shit,['1123807913875787776'],"{'retweet_count': 0, 'reply_count': 0, 'like_count': 0, 'quote_count': 0, 'impression_count': 0}",1123807913875787776
"{'mentions': [{'start': 0, 'end': 11, 'username': 'BigMoneyyK', 'id': '58034485'}]}",2019-05-01T18:08:41.000Z,@BigMoneyyK Bitch call me,['1123650463897927680'],"{'retweet_count': 0, 'reply_count': 0, 'like_count': 0, 'quote_count': 0, 'impression_count': 0}",1123650463897927680
"{'annotations': [{'start': 28, 'end': 35, 'probability': 0.8975, 'type': 'Person', 'normalized_text': 'Dr Seuss'}], 'mentions': [{'start': 14, 'end': 23, 'username': '_llebrun', 'id': '1059675376111312897'}]}",2019-05-10T10:56:24.000Z,@seussterhoff @_llebrun Get Dr Seuss‚Äôs words out of your mouth.  He once threatened to sue a prolife group that put that quote on their letterhead.,['1126803166991929344'],"{'retweet_count': 1, 'reply_count': 0, 'like_count': 2, 'quote_count': 0, 'impression_count': 0}",1126803166991929344
"{'urls': [{'start': 41, 'end': 64, 'url': 'https://t.co/KxSxOklJ6f', 'expanded_url': 'https://twitter.com/F4Failuree/status/1130015383107170311/photo/1', 'display_url': 'pic.twitter.com/KxSxOklJ6f', 'media_key': '3_1130015378388660225'}]}",2019-05-19T07:40:36.000Z,Then go date a fucking Duck then...Thot. https://t.co/KxSxOklJ6f,['1130015383107170311'],"{'retweet_count': 0, 'reply_count': 0, 'like_count': 0, 'quote_count': 0, 'impression_count': 0}",1130015383107170311
,2019-05-10T18:26:30.000Z,your momma so dumb she thought fight for 15 was about lowering the age of consent,['1126916438382514177'],"{'retweet_count': 0, 'reply_count': 0, 'like_count': 5, 'quote_count': 0, 'impression_count': 0}",1126916438382514177
"{'annotations': [{'start': 21, 'end': 25, 'probability': 0.764, 'type': 'Person', 'normalized_text': 'Jesus'}], 'mentions': [{'start': 0, 'end': 11, 'username': 'TuTuTullip', 'id': '1097106326843547648'}]}",2019-05-01T17:48:59.000Z,@TuTuTullip Not even Jesus can die for you,['1123645506230657024'],"{'retweet_count': 0, 'reply_count': 0, 'like_count': 0, 'quote_count': 0, 'impression_count': 0}",1123645506230657024
"{'annotations': [{'start': 48, 'end': 50, 'probability': 0.9597, 'type': 'Organization', 'normalized_text': 'bts'}, {'start': 56, 'end': 61, 'probability': 0.7274, 'type': 'Person', 'normalized_text': 'halsey'}, {'start': 109, 'end': 114, 'probability': 0.801, 'type': 'Person', 'normalized_text': 'halsey'}], 'mentions': [{'start': 3, 'end': 13, 'username': 'thelastrm', 'id': '1127955059621236736'}]}",2019-05-01T12:35:34.000Z,RT @thelastrm: heterosexual fans getting mad at bts and halsey interacting are so fucking DUMB not only does halsey have a boyfriend it is‚Ä¶,['1123566632327159808'],"{'retweet_count': 8336, 'reply_count': 0, 'like_count': 0, 'quote_count': 0, 'impression_count': 0}",1123566632327159808
"{'annotations': [{'start': 0, 'end': 4, 'probability': 0.6989, 'type': 'Other', 'normalized_text': 'Bitil'}, {'start': 19, 'end': 26, 'probability': 0.6136, 'type': 'Other', 'normalized_text': 'Bionicle'}], 'urls': [{'start': 73, 'end': 96, 'url': 'https://t.co/mH5Z0IqTMq', 'expanded_url': 'https://twitter.com/BionicleContent/status/1126777267185520641/photo/1', 'display_url': 'pic.twitter.com/mH5Z0IqTMq', 'media_key': '3_1126777263360364545'}]}",2019-05-10T09:13:29.000Z,Bitil is the worst Bionicle set. Absolutely atrocious. It can get fucked https://t.co/mH5Z0IqTMq,['1126777267185520641'],"{'retweet_count': 0, 'reply_count': 3, 'like_count': 8, 'quote_count': 0, 'impression_count': 0}",1126777267185520641
"{'mentions': [{'start': 3, 'end': 15, 'username': 'Gonzalovaa_', 'id': '883068145736568838'}], 'urls': [{'start': 80, 'end': 103, 'url': 'https://t.co/ohbxPXa5yl', 'expanded_url': 'https://twitter.com/HotFreestyle/status/1125853957333692416', 'display_url': 'twitter.com/HotFreestyle/s‚Ä¶'}]}",2019-05-10T23:42:22.000Z,"RT @Gonzalovaa_: bitch, are you dumb-d-dumb-dumb-dumb-d-dumb-dumb-dumb? Stoopid https://t.co/ohbxPXa5yl",['1126995928819347456'],"{'retweet_count': 30389, 'reply_count': 0, 'like_count': 0, 'quote_count': 0, 'impression_count': 0}",1126995928819347456
"{'mentions': [{'start': 0, 'end': 16, 'username': 'realDonaldTrump', 'id': '25073877'}]}",2019-05-01T12:32:46.000Z,@realDonaldTrump You will be impeached.,['1123565927667249152'],"{'retweet_count': 0, 'reply_count': 0, 'like_count': 6, 'quote_count': 0, 'impression_count': 0}",1123565927667249152
"{'annotations': [{'start': 42, 'end': 47, 'probability': 0.5141, 'type': 'Other', 'normalized_text': 'graham'}], 'mentions': [{'start': 0, 'end': 11, 'username': 'dcexaminer', 'id': '18956073'}, {'start': 12, 'end': 28, 'username': 'LindseyGrahamSC', 'id': '432895323'}, {'start': 29, 'end': 41, 'username': 'maziehirono', 'id': '92186819'}]}",2019-05-01T22:50:32.000Z,@dcexaminer @LindseyGrahamSC @maziehirono graham is an orange lipped TRAITOR who also bends over for the orange turd TRAITOR,['1123721393751973888'],"{'retweet_count': 0, 'reply_count': 0, 'like_count': 0, 'quote_count': 0, 'impression_count': 0}",1123721393751973888
"{'mentions': [{'start': 0, 'end': 16, 'username': 'realDonaldTrump', 'id': '25073877'}]}",2019-05-10T18:44:46.000Z,"@realDonaldTrump PRESIDENT TRUMP, YOU LYING,  CORRUPT, QUISLING, CRETINOUS PIECE OF SHIT-------------RESIGN,RESIGN,RESIGN!!!!!!!!!!!!!!!!!!!!!!!!!!!!!",['1126921035327033344'],"{'retweet_count': 0, 'reply_count': 0, 'like_count': 0, 'quote_count': 0, 'impression_count': 0}",1126921035327033344
"{'mentions': [{'start': 3, 'end': 16, 'username': 'LORAFRIMANEE', 'id': '733344153673830400'}], 'urls': [{'start': 70, 'end': 93, 'url': 'https://t.co/Pv4wsMqxFM', 'expanded_url': 'https://twitter.com/ITSTHECHAD2/status/1123639428298301442', 'display_url': 'twitter.com/ITSTHECHAD2/st‚Ä¶'}]}",2019-05-01T23:00:08.000Z,RT @LORAFRIMANEE: bitches with fat asses always doing some corny shit https://t.co/Pv4wsMqxFM,['1123723809658478593'],"{'retweet_count': 117, 'reply_count': 0, 'like_count': 0, 'quote_count': 0, 'impression_count': 0}",1123723809658478593
"{'mentions': [{'start': 0, 'end': 7, 'username': 'zufats', 'id': '299222505'}, {'start': 8, 'end': 21, 'username': 'Trevdaddy69_', 'id': '505959851'}]}",2019-05-02T05:23:46.000Z,@ZuFats @Trevdaddy69_ TEST ME AGAIN MOTHER FUCKER. KEEP DUCKS OUT YA HORNY MOUTH.,['1123820354143707136'],"{'retweet_count': 0, 'reply_count': 0, 'like_count': 2, 'quote_count': 0, 'impression_count': 0}",1123820354143707136
"{'annotations': [{'start': 22, 'end': 25, 'probability': 0.6431, 'type': 'Other', 'normalized_text': 'Beth'}], 'mentions': [{'start': 3, 'end': 16, 'username': 'ElleGenerico', 'id': '1600218031'}], 'urls': [{'start': 76, 'end': 99, 'url': 'https://t.co/R0b1z9wEbB', 'expanded_url': 'https://twitter.com/ElleGenerico/status/1129879055296188417/photo/1', 'display_url': 'pic.twitter.com/R0b1z9wEbB', 'media_key': '3_1129879050900500480'}]}",2019-05-19T07:20:56.000Z,RT @ElleGenerico: lol Beth is definitely sick of her shit as much as we are https://t.co/R0b1z9wEbB,['1130010433824464896'],"{'retweet_count': 52, 'reply_count': 0, 'like_count': 0, 'quote_count': 0, 'impression_count': 0}",1130010433824464896
"{'urls': [{'start': 41, 'end': 64, 'url': 'https://t.co/3tjDuO5Rds', 'expanded_url': 'https://twitter.com/lustpositions/status/1130191396168642560', 'display_url': 'twitter.com/lustpositions/‚Ä¶'}]}",2019-05-20T04:51:38.000Z,RT @gabbi_mello: You dirty lying liar üòÇüòÇ https://t.co/3tjDuO5Rds,['1130335249110409216'],"{'retweet_count': 3, 'reply_count': 0, 'like_count': 0, 'quote_count': 0, 'impression_count': 0}",1130335249110409216
"{'annotations': [{'start': 24, 'end': 30, 'probability': 0.7345, 'type': 'Person', 'normalized_text': 'Tiffany'}], 'mentions': [{'start': 0, 'end': 10, 'username': 'WORLDSTAR', 'id': '11912362'}, {'start': 11, 'end': 19, 'username': 'thegame', 'id': '28895421'}]}",2019-05-02T00:35:25.000Z,"@WORLDSTAR @thegame And Tiffany was everything to Game , and his old ass cheated!!!! Bye boy lol ‚úåüèΩ‚úåüèΩ‚úåüèΩ",['1123747788511117313'],"{'retweet_count': 0, 'reply_count': 0, 'like_count': 1, 'quote_count': 0, 'impression_count': 0}",1123747788511117313
"{'annotations': [{'start': 103, 'end': 106, 'probability': 0.7065, 'type': 'Organization', 'normalized_text': 'SABC'}, {'start': 118, 'end': 128, 'probability': 0.9271, 'type': 'Person', 'normalized_text': 'Iqbal Surve'}, {'start': 132, 'end': 134, 'probability': 0.3813, 'type': 'Organization', 'normalized_text': 'ANC'}], 'mentions': [{'start': 3, 'end': 14, 'username': 'helenzille', 'id': '20521828'}]}",2019-05-10T11:41:08.000Z,RT @helenzille: A complete embarrassment to journalism.  She has been a disgrace since her days on the SABC.  She was Iqbal Surve's ANC-han‚Ä¶,['1126814424499728384'],"{'retweet_count': 264, 'reply_count': 0, 'like_count': 0, 'quote_count': 0, 'impression_count': 0}",1126814424499728384
"{'annotations': [{'start': 23, 'end': 26, 'probability': 0.5584, 'type': 'Other', 'normalized_text': 'sean'}]}",2019-05-20T01:01:55.000Z,@Stairfax dont do this sean i think youll die if you uphold this dare,['1130277439026933762'],"{'retweet_count': 0, 'reply_count': 0, 'like_count': 3, 'quote_count': 1, 'impression_count': 0}",1130277439026933762
"{'annotations': [{'start': 18, 'end': 28, 'probability': 0.5756, 'type': 'Other', 'normalized_text': 'Pretty Liar'}], 'mentions': [{'start': 3, 'end': 16, 'username': 'deresute_vid', 'id': '1001324868061859840'}], 'urls': [{'start': 30, 'end': 53, 'url': 'https://t.co/O7k5y9aKv6', 'expanded_url': 'https://twitter.com/deresute_vid/status/1042534752664924162/video/1', 'display_url': 'pic.twitter.com/O7k5y9aKv6', 'media_key': '7_1042534202929963008'}]}",2019-05-19T08:26:51.000Z,RT @deresute_vid: Pretty Liar https://t.co/O7k5y9aKv6,['1130027022309191680'],"{'retweet_count': 9, 'reply_count': 0, 'like_count': 0, 'quote_count': 0, 'impression_count': 0}",1130027022309191680
"{'mentions': [{'start': 0, 'end': 12, 'username': 'Diesmilingg', 'id': '2557268646'}, {'start': 22, 'end': 32, 'username': 'koyakeyan', 'id': '918256980'}]}",2019-05-01T15:30:07.000Z,@Diesmilingg Fuck you @koyakeyan,['1123610559285317638'],"{'retweet_count': 0, 'reply_count': 2, 'like_count': 0, 'quote_count': 0, 'impression_count': 0}",1123610559285317638
"{'mentions': [{'start': 3, 'end': 11, 'username': 'CBSNews', 'id': '15012486'}], 'annotations': [{'start': 14, 'end': 18, 'probability': 0.9653, 'type': 'Person', 'normalized_text': 'Trump'}, {'start': 41, 'end': 46, 'probability': 0.8509, 'type': 'Person', 'normalized_text': 'Graham'}, {'start': 62, 'end': 64, 'probability': 0.8636, 'type': 'Organization', 'normalized_text': 'FBI'}, {'start': 72, 'end': 83, 'probability': 0.9388, 'type': 'Person', 'normalized_text': 'Peter Strzok'}, {'start': 99, 'end': 102, 'probability': 0.8677, 'type': 'Person', 'normalized_text': 'Barr'}]}",2019-05-01T14:25:22.000Z,"RT @CBSNews: ""Trump is a f**king idiot,"" Graham quotes former FBI agent Peter Strzok's text during Barr hearing. Then, he says, ""Sorry to t‚Ä¶",['1123594264397713408'],"{'retweet_count': 835, 'reply_count': 0, 'like_count': 0, 'quote_count': 0, 'impression_count': 0}",1123594264397713408
"{'mentions': [{'start': 3, 'end': 14, 'username': 'causticbob', 'id': '20944649'}], 'urls': [{'start': 34, 'end': 57, 'url': 'https://t.co/Ngn0FYDxqw', 'expanded_url': 'https://twitter.com/causticbob/status/1123537880452825088/photo/1', 'display_url': 'pic.twitter.com/Ngn0FYDxqw', 'media_key': '3_1123537871133138949'}]}",2019-05-01T11:52:00.000Z,RT @causticbob: are you a racist? https://t.co/Ngn0FYDxqw,['1123555668416286720'],"{'retweet_count': 67, 'reply_count': 0, 'like_count': 0, 'quote_count': 0, 'impression_count': 0}",1123555668416286720
"{'mentions': [{'start': 0, 'end': 10, 'username': 'NRLonNine', 'id': '74294087'}, {'start': 11, 'end': 16, 'username': 'wwos', 'id': '106878278'}, {'start': 17, 'end': 26, 'username': 'Channel9', 'id': '248568377'}], 'annotations': [{'start': 30, 'end': 37, 'probability': 0.8279, 'type': 'Person', 'normalized_text': 'cronulla'}, {'start': 108, 'end': 112, 'probability': 0.5237, 'type': 'Person', 'normalized_text': 'dugan'}]}",2019-05-19T07:59:58.000Z,"@NRLonNine @wwos @Channel9 If cronulla played like that the whole game, they might of won but with dickhead dugan fumbling and the comedy act, bloody lost, hopeless",['1130020256875810816'],"{'retweet_count': 0, 'reply_count': 0, 'like_count': 0, 'quote_count': 0, 'impression_count': 0}",1130020256875810816
"{'mentions': [{'start': 3, 'end': 16, 'username': 'songadaymann', 'id': '8632762'}, {'start': 55, 'end': 71, 'username': 'LindseyGrahamSC', 'id': '432895323'}], 'annotations': [{'start': 91, 'end': 95, 'probability': 0.8111, 'type': 'Person', 'normalized_text': 'trump'}]}",2019-05-01T22:26:00.000Z,"RT @songadaymann: this is a song comprised entirely of @LindseyGrahamSC saying the words, ""trump is a fucking idiot"".

Thanks for the h/t @‚Ä¶",['1123715219748990978'],"{'retweet_count': 4013, 'reply_count': 0, 'like_count': 0, 'quote_count': 0, 'impression_count': 0}",1123715219748990978
"{'mentions': [{'start': 0, 'end': 16, 'username': 'realDonaldTrump', 'id': '25073877'}]}",2019-05-01T13:54:22.000Z,@realDonaldTrump Yup. Give it a rest you nut jobs. How much more are they going to waste on it? People funding these crooks are fool's.,['1123586463000514560'],"{'retweet_count': 0, 'reply_count': 0, 'like_count': 0, 'quote_count': 0, 'impression_count': 0}",1123586463000514560
"{'mentions': [{'start': 0, 'end': 7, 'username': 'funder', 'id': '14247236'}, {'start': 21, 'end': 37, 'username': 'LindseyGrahamSC', 'id': '432895323'}], 'annotations': [{'start': 42, 'end': 46, 'probability': 0.6267, 'type': 'Person', 'normalized_text': 'trump'}]}",2019-05-01T17:39:39.000Z,@funder Keep smiling @LindseyGrahamSC you trump puppet.,['1123643157420417026'],"{'retweet_count': 0, 'reply_count': 0, 'like_count': 0, 'quote_count': 0, 'impression_count': 0}",1123643157420417026
